Workbook
Name ____________________________FG1: {#N/A,#N/A,FALSE,"단축1";#N/A,#N/A,FALSE,"단축2";#N/A,#N/A,FALSE,"단축3";#N/A,#N/A,FALSE,"장축";#N/A,#N/A,FALSE,"4WD"}
Name ____________________________FG1: {#N/A,#N/A,FALSE,"단축1";#N/A,#N/A,FALSE,"단축2";#N/A,#N/A,FALSE,"단축3";#N/A,#N/A,FALSE,"장축";#N/A,#N/A,FALSE,"4WD"}
Name ____________________________FG1: {#N/A,#N/A,FALSE,"단축1";#N/A,#N/A,FALSE,"단축2";#N/A,#N/A,FALSE,"단축3";#N/A,#N/A,FALSE,"장축";#N/A,#N/A,FALSE,"4WD"}
Name ____________________________FG1: {#N/A,#N/A,FALSE,"단축1";#N/A,#N/A,FALSE,"단축2";#N/A,#N/A,FALSE,"단축3";#N/A,#N/A,FALSE,"장축";#N/A,#N/A,FALSE,"4WD"}
Name ____________________________T2: {#N/A,#N/A,FALSE,"단축1";#N/A,#N/A,FALSE,"단축2";#N/A,#N/A,FALSE,"단축3";#N/A,#N/A,FALSE,"장축";#N/A,#N/A,FALSE,"4WD"}
Name ____________________________T2: {#N/A,#N/A,FALSE,"단축1";#N/A,#N/A,FALSE,"단축2";#N/A,#N/A,FALSE,"단축3";#N/A,#N/A,FALSE,"장축";#N/A,#N/A,FALSE,"4WD"}
Name ____________________________T2: {#N/A,#N/A,FALSE,"단축1";#N/A,#N/A,FALSE,"단축2";#N/A,#N/A,FALSE,"단축3";#N/A,#N/A,FALSE,"장축";#N/A,#N/A,FALSE,"4WD"}
Name ____________________________T2: {#N/A,#N/A,FALSE,"단축1";#N/A,#N/A,FALSE,"단축2";#N/A,#N/A,FALSE,"단축3";#N/A,#N/A,FALSE,"장축";#N/A,#N/A,FALSE,"4WD"}
Name ____________________________T3: {#N/A,#N/A,FALSE,"단축1";#N/A,#N/A,FALSE,"단축2";#N/A,#N/A,FALSE,"단축3";#N/A,#N/A,FALSE,"장축";#N/A,#N/A,FALSE,"4WD"}
Name ____________________________T3: {#N/A,#N/A,FALSE,"단축1";#N/A,#N/A,FALSE,"단축2";#N/A,#N/A,FALSE,"단축3";#N/A,#N/A,FALSE,"장축";#N/A,#N/A,FALSE,"4WD"}
Name ____________________________T3: {#N/A,#N/A,FALSE,"단축1";#N/A,#N/A,FALSE,"단축2";#N/A,#N/A,FALSE,"단축3";#N/A,#N/A,FALSE,"장축";#N/A,#N/A,FALSE,"4WD"}
Name ____________________________T3: {#N/A,#N/A,FALSE,"단축1";#N/A,#N/A,FALSE,"단축2";#N/A,#N/A,FALSE,"단축3";#N/A,#N/A,FALSE,"장축";#N/A,#N/A,FALSE,"4WD"}
Name ____________________________T5: {#N/A,#N/A,FALSE,"단축1";#N/A,#N/A,FALSE,"단축2";#N/A,#N/A,FALSE,"단축3";#N/A,#N/A,FALSE,"장축";#N/A,#N/A,FALSE,"4WD"}
Name ____________________________T5: {#N/A,#N/A,FALSE,"단축1";#N/A,#N/A,FALSE,"단축2";#N/A,#N/A,FALSE,"단축3";#N/A,#N/A,FALSE,"장축";#N/A,#N/A,FALSE,"4WD"}
Name ____________________________T5: {#N/A,#N/A,FALSE,"단축1";#N/A,#N/A,FALSE,"단축2";#N/A,#N/A,FALSE,"단축3";#N/A,#N/A,FALSE,"장축";#N/A,#N/A,FALSE,"4WD"}
Name ____________________________T5: {#N/A,#N/A,FALSE,"단축1";#N/A,#N/A,FALSE,"단축2";#N/A,#N/A,FALSE,"단축3";#N/A,#N/A,FALSE,"장축";#N/A,#N/A,FALSE,"4WD"}
Name ___________________________FG1: {#N/A,#N/A,FALSE,"단축1";#N/A,#N/A,FALSE,"단축2";#N/A,#N/A,FALSE,"단축3";#N/A,#N/A,FALSE,"장축";#N/A,#N/A,FALSE,"4WD"}
Name ___________________________FG1: {#N/A,#N/A,FALSE,"단축1";#N/A,#N/A,FALSE,"단축2";#N/A,#N/A,FALSE,"단축3";#N/A,#N/A,FALSE,"장축";#N/A,#N/A,FALSE,"4WD"}
Name ___________________________FG1: {#N/A,#N/A,FALSE,"단축1";#N/A,#N/A,FALSE,"단축2";#N/A,#N/A,FALSE,"단축3";#N/A,#N/A,FALSE,"장축";#N/A,#N/A,FALSE,"4WD"}
Name ___________________________FG1: {#N/A,#N/A,FALSE,"단축1";#N/A,#N/A,FALSE,"단축2";#N/A,#N/A,FALSE,"단축3";#N/A,#N/A,FALSE,"장축";#N/A,#N/A,FALSE,"4WD"}
Name ___________________________T2: {#N/A,#N/A,FALSE,"단축1";#N/A,#N/A,FALSE,"단축2";#N/A,#N/A,FALSE,"단축3";#N/A,#N/A,FALSE,"장축";#N/A,#N/A,FALSE,"4WD"}
Name ___________________________T2: {#N/A,#N/A,FALSE,"단축1";#N/A,#N/A,FALSE,"단축2";#N/A,#N/A,FALSE,"단축3";#N/A,#N/A,FALSE,"장축";#N/A,#N/A,FALSE,"4WD"}
Name ___________________________T2: {#N/A,#N/A,FALSE,"단축1";#N/A,#N/A,FALSE,"단축2";#N/A,#N/A,FALSE,"단축3";#N/A,#N/A,FALSE,"장축";#N/A,#N/A,FALSE,"4WD"}
Name ___________________________T2: {#N/A,#N/A,FALSE,"단축1";#N/A,#N/A,FALSE,"단축2";#N/A,#N/A,FALSE,"단축3";#N/A,#N/A,FALSE,"장축";#N/A,#N/A,FALSE,"4WD"}
Name ___________________________T3: {#N/A,#N/A,FALSE,"단축1";#N/A,#N/A,FALSE,"단축2";#N/A,#N/A,FALSE,"단축3";#N/A,#N/A,FALSE,"장축";#N/A,#N/A,FALSE,"4WD"}
Name ___________________________T3: {#N/A,#N/A,FALSE,"단축1";#N/A,#N/A,FALSE,"단축2";#N/A,#N/A,FALSE,"단축3";#N/A,#N/A,FALSE,"장축";#N/A,#N/A,FALSE,"4WD"}
Name ___________________________T3: {#N/A,#N/A,FALSE,"단축1";#N/A,#N/A,FALSE,"단축2";#N/A,#N/A,FALSE,"단축3";#N/A,#N/A,FALSE,"장축";#N/A,#N/A,FALSE,"4WD"}
Name ___________________________T3: {#N/A,#N/A,FALSE,"단축1";#N/A,#N/A,FALSE,"단축2";#N/A,#N/A,FALSE,"단축3";#N/A,#N/A,FALSE,"장축";#N/A,#N/A,FALSE,"4WD"}
Name ___________________________T5: {#N/A,#N/A,FALSE,"단축1";#N/A,#N/A,FALSE,"단축2";#N/A,#N/A,FALSE,"단축3";#N/A,#N/A,FALSE,"장축";#N/A,#N/A,FALSE,"4WD"}
Name ___________________________T5: {#N/A,#N/A,FALSE,"단축1";#N/A,#N/A,FALSE,"단축2";#N/A,#N/A,FALSE,"단축3";#N/A,#N/A,FALSE,"장축";#N/A,#N/A,FALSE,"4WD"}
Name ___________________________T5: {#N/A,#N/A,FALSE,"단축1";#N/A,#N/A,FALSE,"단축2";#N/A,#N/A,FALSE,"단축3";#N/A,#N/A,FALSE,"장축";#N/A,#N/A,FALSE,"4WD"}
Name ___________________________T5: {#N/A,#N/A,FALSE,"단축1";#N/A,#N/A,FALSE,"단축2";#N/A,#N/A,FALSE,"단축3";#N/A,#N/A,FALSE,"장축";#N/A,#N/A,FALSE,"4WD"}
Name _________________________FG1: {#N/A,#N/A,FALSE,"단축1";#N/A,#N/A,FALSE,"단축2";#N/A,#N/A,FALSE,"단축3";#N/A,#N/A,FALSE,"장축";#N/A,#N/A,FALSE,"4WD"}
Name _________________________FG1: {#N/A,#N/A,FALSE,"단축1";#N/A,#N/A,FALSE,"단축2";#N/A,#N/A,FALSE,"단축3";#N/A,#N/A,FALSE,"장축";#N/A,#N/A,FALSE,"4WD"}
Name _________________________FG1: {#N/A,#N/A,FALSE,"단축1";#N/A,#N/A,FALSE,"단축2";#N/A,#N/A,FALSE,"단축3";#N/A,#N/A,FALSE,"장축";#N/A,#N/A,FALSE,"4WD"}
Name _________________________FG1: {#N/A,#N/A,FALSE,"단축1";#N/A,#N/A,FALSE,"단축2";#N/A,#N/A,FALSE,"단축3";#N/A,#N/A,FALSE,"장축";#N/A,#N/A,FALSE,"4WD"}
Name _________________________H1620: {#N/A,#N/A,FALSE,"단축1";#N/A,#N/A,FALSE,"단축2";#N/A,#N/A,FALSE,"단축3";#N/A,#N/A,FALSE,"장축";#N/A,#N/A,FALSE,"4WD"}
Name _________________________H1620: {#N/A,#N/A,FALSE,"단축1";#N/A,#N/A,FALSE,"단축2";#N/A,#N/A,FALSE,"단축3";#N/A,#N/A,FALSE,"장축";#N/A,#N/A,FALSE,"4WD"}
Name _________________________H1620: {#N/A,#N/A,FALSE,"단축1";#N/A,#N/A,FALSE,"단축2";#N/A,#N/A,FALSE,"단축3";#N/A,#N/A,FALSE,"장축";#N/A,#N/A,FALSE,"4WD"}
Name _________________________H1620: {#N/A,#N/A,FALSE,"단축1";#N/A,#N/A,FALSE,"단축2";#N/A,#N/A,FALSE,"단축3";#N/A,#N/A,FALSE,"장축";#N/A,#N/A,FALSE,"4WD"}
Name _________________________H20: {#N/A,#N/A,FALSE,"단축1";#N/A,#N/A,FALSE,"단축2";#N/A,#N/A,FALSE,"단축3";#N/A,#N/A,FALSE,"장축";#N/A,#N/A,FALSE,"4WD"}
Name _________________________H20: {#N/A,#N/A,FALSE,"단축1";#N/A,#N/A,FALSE,"단축2";#N/A,#N/A,FALSE,"단축3";#N/A,#N/A,FALSE,"장축";#N/A,#N/A,FALSE,"4WD"}
Name _________________________H20: {#N/A,#N/A,FALSE,"단축1";#N/A,#N/A,FALSE,"단축2";#N/A,#N/A,FALSE,"단축3";#N/A,#N/A,FALSE,"장축";#N/A,#N/A,FALSE,"4WD"}
Name _________________________H20: {#N/A,#N/A,FALSE,"단축1";#N/A,#N/A,FALSE,"단축2";#N/A,#N/A,FALSE,"단축3";#N/A,#N/A,FALSE,"장축";#N/A,#N/A,FALSE,"4WD"}
Name _________________________P2: {#N/A,#N/A,FALSE,"단축1";#N/A,#N/A,FALSE,"단축2";#N/A,#N/A,FALSE,"단축3";#N/A,#N/A,FALSE,"장축";#N/A,#N/A,FALSE,"4WD"}
Name _________________________P2: {#N/A,#N/A,FALSE,"단축1";#N/A,#N/A,FALSE,"단축2";#N/A,#N/A,FALSE,"단축3";#N/A,#N/A,FALSE,"장축";#N/A,#N/A,FALSE,"4WD"}
Name _________________________P2: {#N/A,#N/A,FALSE,"단축1";#N/A,#N/A,FALSE,"단축2";#N/A,#N/A,FALSE,"단축3";#N/A,#N/A,FALSE,"장축";#N/A,#N/A,FALSE,"4WD"}
Name _________________________P2: {#N/A,#N/A,FALSE,"단축1";#N/A,#N/A,FALSE,"단축2";#N/A,#N/A,FALSE,"단축3";#N/A,#N/A,FALSE,"장축";#N/A,#N/A,FALSE,"4WD"}
Name _________________________T2: {#N/A,#N/A,FALSE,"단축1";#N/A,#N/A,FALSE,"단축2";#N/A,#N/A,FALSE,"단축3";#N/A,#N/A,FALSE,"장축";#N/A,#N/A,FALSE,"4WD"}
Name _________________________T2: {#N/A,#N/A,FALSE,"단축1";#N/A,#N/A,FALSE,"단축2";#N/A,#N/A,FALSE,"단축3";#N/A,#N/A,FALSE,"장축";#N/A,#N/A,FALSE,"4WD"}
Name _________________________T2: {#N/A,#N/A,FALSE,"단축1";#N/A,#N/A,FALSE,"단축2";#N/A,#N/A,FALSE,"단축3";#N/A,#N/A,FALSE,"장축";#N/A,#N/A,FALSE,"4WD"}
Name _________________________T2: {#N/A,#N/A,FALSE,"단축1";#N/A,#N/A,FALSE,"단축2";#N/A,#N/A,FALSE,"단축3";#N/A,#N/A,FALSE,"장축";#N/A,#N/A,FALSE,"4WD"}
Name _________________________T3: {#N/A,#N/A,FALSE,"단축1";#N/A,#N/A,FALSE,"단축2";#N/A,#N/A,FALSE,"단축3";#N/A,#N/A,FALSE,"장축";#N/A,#N/A,FALSE,"4WD"}
Name _________________________T3: {#N/A,#N/A,FALSE,"단축1";#N/A,#N/A,FALSE,"단축2";#N/A,#N/A,FALSE,"단축3";#N/A,#N/A,FALSE,"장축";#N/A,#N/A,FALSE,"4WD"}
Name _________________________T3: {#N/A,#N/A,FALSE,"단축1";#N/A,#N/A,FALSE,"단축2";#N/A,#N/A,FALSE,"단축3";#N/A,#N/A,FALSE,"장축";#N/A,#N/A,FALSE,"4WD"}
Name _________________________T3: {#N/A,#N/A,FALSE,"단축1";#N/A,#N/A,FALSE,"단축2";#N/A,#N/A,FALSE,"단축3";#N/A,#N/A,FALSE,"장축";#N/A,#N/A,FALSE,"4WD"}
Name _________________________T5: {#N/A,#N/A,FALSE,"단축1";#N/A,#N/A,FALSE,"단축2";#N/A,#N/A,FALSE,"단축3";#N/A,#N/A,FALSE,"장축";#N/A,#N/A,FALSE,"4WD"}
Name _________________________T5: {#N/A,#N/A,FALSE,"단축1";#N/A,#N/A,FALSE,"단축2";#N/A,#N/A,FALSE,"단축3";#N/A,#N/A,FALSE,"장축";#N/A,#N/A,FALSE,"4WD"}
Name _________________________T5: {#N/A,#N/A,FALSE,"단축1";#N/A,#N/A,FALSE,"단축2";#N/A,#N/A,FALSE,"단축3";#N/A,#N/A,FALSE,"장축";#N/A,#N/A,FALSE,"4WD"}
Name _________________________T5: {#N/A,#N/A,FALSE,"단축1";#N/A,#N/A,FALSE,"단축2";#N/A,#N/A,FALSE,"단축3";#N/A,#N/A,FALSE,"장축";#N/A,#N/A,FALSE,"4WD"}

Sheet  55648-98655
A1: 비 교 원 가 계 산 서
A3: 품 번 : 55648-98655 | AH3: 차 종 : qq5
A4: 품 명 : GANH ASY RASPAD D/SIDE | AH4: 업 체 : 지-텍텍텍(DDDD)
A5: EO NO : ABC564 | AH5: 작성일자 : 22.1.21
A7: 구 분 | E7: T 초도가 제출 (A) | N7: 입찰가 (A) | W7: 초도가 (B) | AF7: 차이 (C-A) | AG7: 차이 (B-A) | AH7: 비 고
E9: 재 질 | G9: LOSS율 | H9: 재.관 | I9: U/S | J9: 단위 | K9: 소요량 | L9: 단가 | M9: 금액 | N9: 재 질 | P9: LOSS율 | Q9: 재.관 | R9: U/S | S9: 단위 | T9: 소요량 | U9: 단가 | V9: 금액 | W9: 재 질 | Y9: LOSS율 | Z9: 재.관 | AA9: U/S | AB9: 단위 | AC9: 소요량 | AD9: 단가 | AE9: 금액 | AH9: ※년 생산 50,000대
A10: ①
A11: 재 | B11: GANH ASY RASPAD D/SIDE | C11: 55591-10000 | D11: 사출 | E11: MS215-08 TB | G11: 0.0051220802 | H11: 0.021555882 | I11: 2 | J11: g | K11: 54.213044 | L11: 4.0889472 | M11: =ROUNDDOWN(L11*K11*(1+G11),2) -> 222.8 | N11: MS214-04 TA | P11: 0.0050867212 | Q11: 0.023329312 | R11: 1 | S11: g | T11: 25.06559 | U11: 4.4683817 | V11: =ROUNDDOWN(U11*T11*(1+981),2) -> 109986.57 | W11: MS215-08 TB | Y11: 0.005027475 | Z11: 0.01970384 | AA11: 1 | AB11: g | AC11: 45.990048 | AD11: 4.5884894 | AE11: =ROUNDDOWN(AD11*AC11*(1+Y11),2) -> 212.08 | AF11: =IF(AE11-M11=0," ",AE11-M11) -> -10.72 | AG11: =IF(AE11-V11=0," ",AE11-V11) -> -109774.49 | AH11: ▶ MS SPEC 표준가 미결정
A12: 료 | B12: B/S | D12: 분쇄비 | E12: PC+PBT | G12: 0 | H12: 0.016444748 | I12: 1 | J12: g | K12: =K11*(22/100) -> 11.92687 | L12: 0.046425813 | M12: =ROUNDDOWN(L12*K12*(1+G12),2) -> 0.55 | N12: PC+PBT | P12: 0 | Q12: 0.016707759 | R12: 3 | S12: g | T12: =T11*(22/100) -> 5.5144299 | U12: 0.031189275 | V12: =ROUNDDOWN(U12*T12*(1+982),2) -> 169.06 | W12: PC+PBT | Y12: 0 | Z12: 0.019919158 | AA12: 1 | AB12: g | AC12: =AC11*(22/100) -> 10.117811 | AD12: 0.035632212 | AE12: =ROUNDDOWN(AD12*AC12*(1+Y12),2) -> 0.36 | AF12: =IF(AE12-M12=0," ",AE12-M12) -> -0.19 | AG12: =IF(AE12-V12=0," ",AE12-V12) -> -168.7 | AH12: - 롯데첨단소재 견적가 적용
A13: 비 | AF13: =IF(AE13-M13=0," ",AE13-M13) | AG13: =IF(AE13-V13=0," ",AE13-V13)
B14: GANH ASY RASPAD D/SIDE | C14: 55591-10000 | D14: 일반부품 | N14: MOBIS 사급 | P14: 0 | Q14: 0.0083137805 | R14: 4 | S14: EA | T14: 2 | U14: 992 | V14: =ROUNDDOWN(U14*T14*(R14),2) -> 7936 | AH14: ▶옵션사양 변경 (사급부품 → 메탈도장) , 입찰당시 사급가 적용
B15: GANH ASY RASPAD D/SIDE 도장재료비 | C15: 55591-10000 | D15: 도장재료비 | E15: 메탈도장 | G15: 0 | H15: 0.023508361 | I15: 2 | J15: d㎡ | K15: 1.4783838 | L15: ='1-1. 도장재료비'!J21 -> 564.27 | M15: =ROUNDDOWN((L15*K15*(1+G15)*I15),2) -> 1668.41 | W15: 메탈도장 | Y15: 0 | Z15: 0.019123772 | AA15: 1 | AB15: d㎡ | AC15: 1.4588135 | AD15: ='1-1. 도장재료비'!J21 -> 564.27 | AE15: =ROUNDDOWN((AD15*AC15*(1+Y15)*AA15),2) -> 823.16 | AF15: =IF(AE15-M15=0," ",AE15-M15) -> -845.25 | AG15: =IF(AE15-V15=0," ",AE15-V15) -> 823.16 | AH15: └ 1-1. 도장재료비 참조
B16: GANH ASY RASPAD D/SIDE 도장가공비 | C16: 55591-10000 | D16: 도장가공비 | E16: MS655-11 TC | G16: 0 | H16: 0 | I16: 1 | J16: EA | K16: 10 | L16: ='1-2. 도장가공비'!O19 -> 4482.7548 | M16: =ROUNDDOWN((L16/K16*(1+G16)*I16),2) -> 448.27 | W16: MS655-11 TC | Y16: 0 | Z16: 0 | AA16: 2 | AB16: EA | AC16: 5 | AD16: ='1-2. 도장가공비'!O19 -> 4482.7548 | AE16: =ROUNDDOWN((AD16/AC16*(1+Y16)*AA16),2) -> 1793.1 | AF16: =IF(AE16-M16=0," ",AE16-M16) -> 1344.83 | AG16: =IF(AE16-V16=0," ",AE16-V16) -> 1793.1 | AH16: └1-2. 도장가공비 참조
B17: GANH ASY RASPAD D/SIDE 도장폐기비 | C17: 55591-10000 | D17: 도장폐기비 | G17: 0 | H17: 0 | I17: 1 | J17: EA | K17: =((M11+M12+M29+M36)*3%)-((K11*3%)/1000*400) -> 16.328843 | L17: 1 | M17: =ROUNDDOWN((L17*K17*(1+G17)*I17),2) -> 16.32 | Y17: 0 | Z17: 0 | AA17: 1 | AB17: EA | AC17: =((AE11+AE12+AE29+AE36)*3%)-((AC11*3%)/1000*400) -> 9.6994194 | AD17: 1 | AE17: =ROUNDDOWN((AD17*AC17*(1+Y17)*AA17),2) -> 9.69 | AF17: =IF(AE17-M17=0," ",AE17-M17) -> -6.63 | AG17: =IF(AE17-V17=0," ",AE17-V17) -> 9.69
AF18: =IF(AE18-M18=0," ",AE18-M18) | AG18: =IF(AE18-V18=0," ",AE18-V18)
B19: PLACTIC CILP | C19: 55547-2L000 | D19: C/O | G19: 0 | H19: 0.0093267777 | I19: 1 | J19: EA | K19: 1 | L19: 72 | M19: =ROUNDDOWN(L19*K19*(I19),2) -> 72 | P19: 0 | Q19: 0.011863134 | R19: 6 | S19: EA | T19: 5 | U19: 15 | V19: =ROUNDDOWN(U19*T19*(R19),2) -> 450 | Y19: 0 | Z19: 0.0087676899 | AA19: 2 | AB19: EA | AC19: 1 | AD19: 22 | AE19: =ROUNDDOWN(AD19*AC19*(AA19),2) -> 44 | AF19: =IF(AE19-M19=0," ",AE19-M19) -> -28 | AG19: =IF(AE19-V19=0," ",AE19-V19) -> -406 | AH19: ▶ 입찰당시 H/W 단가 적용 → 현재 인정가 적용
B20: PAD ANTINOSE NO.3 | C20: 84520-98020 | D20: 일반부품 | E20: 흑색부직포(10*10*0.5T) | G20: 0 | H20: 0 | I20: 6 | J20: EA | K20: 2 | L20: ='1-4 PAD'!V10 -> 23.7 | M20: =ROUNDDOWN(L20*K20*(I20),2) -> 284.4 | N20: 흑색부직포(22*15*0.5T) | P20: 0 | Q20: 0 | R20: 40 | S20: EA | T20: 2 | U20: 8.9144472 | V20: =ROUNDDOWN(U20*T20*(R20),2) -> 713.15 | W20: 흑색부직포(10*10*0.5T) | Y20: 0 | Z20: 0 | AA20: 12 | AB20: EA | AC20: 1 | AD20: ='1-4 PAD'!V10 -> 23.7 | AE20: =ROUNDDOWN(AD20*AC20*(AA20),2) -> 284.4 | AF20: =IF(AE20-M20=0," ",AE20-M20) | AG20: =IF(AE20-V20=0," ",AE20-V20) -> -428.75 | AH20: ▶1-4.PAD 참조 (입찰기준 적용기준 변경 18년 → 21년)
B21: PAD ANTINOSE NO.5 | C21: 55596-98020 | D21: 일반부품 | E21: 흑색부직포(50*15*0.5T) | G21: 0 | H21: 0 | I21: 1 | J21: EA | K21: 3 | L21: ='1-4 PAD'!V11 -> 24.4 | M21: =ROUNDDOWN(L21*K21*(I21),2) -> 73.2 | W21: 흑색부직포(50*15*0.5T) | Y21: 0 | Z21: 0 | AA21: 1 | AB21: EA | AC21: 1 | AD21: ='1-4 PAD'!V11 -> 24.4 | AE21: =ROUNDDOWN(AD21*AC21*(AA21),2) -> 24.4 | AF21: =IF(AE21-M21=0," ",AE21-M21) -> -48.8 | AG21: =IF(AE21-V21=0," ",AE21-V21) -> 24.4 | AH21: ↑
B22: PAD ANTINOSE NO.7 | C22: 55591-98110 | D22: 일반부품 | E22: 흑색부직포(25*15*0.5T) | G22: 0 | H22: 0 | I22: 2 | J22: EA | K22: 2 | L22: ='1-4 PAD'!V12 -> 17.5 | M22: =ROUNDDOWN(L22*K22*(I22),2) -> 70 | W22: 흑색부직포(25*15*0.5T) | Y22: 0 | Z22: 0 | AA22: 2 | AB22: EA | AC22: 2 | AD22: ='1-4 PAD'!V12 -> 17.5 | AE22: =ROUNDDOWN(AD22*AC22*(AA22),2) -> 70 | AF22: =IF(AE22-M22=0," ",AE22-M22) | AG22: =IF(AE22-V22=0," ",AE22-V22) -> 70 | AH22: ↑
B23: BAR CODE | D23: 일반부품 | G23: 0 | H23: 0 | I23: 1 | J23: EA | K23: 3 | L23: 148 | M23: =ROUNDDOWN(L23*K23*(I23),2) -> 444 | Y23: 0 | Z23: 0 | AA23: 2 | AB23: EA | AC23: 2 | AD23: 77 | AE23: =ROUNDDOWN(AD23*AC23*(AA23),2) -> 308 | AF23: =IF(AE23-M23=0," ",AE23-M23) -> -136 | AG23: =IF(AE23-V23=0," ",AE23-V23) -> 308 | AH23: ▶ 입찰 比 바코드 부착 도면명기 (사양추가)
B24: 보호랩 | C24: 237*46 | D24: 일반부품 | G24: 0 | H24: 0 | I24: 2 | J24: EA | K24: 1 | L24: ='#보호랩'!O6 -> 95 | M24: =ROUNDDOWN(L24*K24*(I24),2) -> 190 | Y24: 0 | Z24: 0 | AA24: 1 | AB24: EA | AC24: 1 | AD24: ='#보호랩'!O6 -> 95 | AE24: =ROUNDDOWN(AD24*AC24*(AA24),2) -> 95 | AF24: =IF(AE24-M24=0," ",AE24-M24) -> -95 | AG24: =IF(AE24-V24=0," ",AE24-V24) -> 95 | AH24: ▶ 생산공장 요청사항 반영 보호랩 적용
AF25: =IF(AE25-M25=0," ",AE25-M25) | AG25: =IF(AE25-V25=0," ",AE25-V25)
B26: 재료비 소계 | M26: =SUM(M10:M25) -> 3489.95 | V26: =SUM(V10:V25) -> 119254.78 | AE26: =SUM(AE10:AE25) -> 3664.19 | AF26: =IF(AE26-M26=0," ",AE26-M26) -> 174.24 | AG26: =IF(AE26-V26=0," ",AE26-V26) -> -115590.59
E27: 준비시간 | F27: LOT | G27: U/S | H27: 일.관 | I27: C/V | J27: 인원 | K27: C/T | L27: 임율 | M27: 금액 | N27: 준비시간 | O27: LOT | P27: U/S | Q27: 일.관 | R27: C/V | S27: 인원 | T27: C/T | U27: 임율 | V27: 금액 | W27: 준비시간 | X27: LOT | Y27: U/S | Z27: 일.관 | AA27: C/V | AB27: 인원 | AC27: C/T | AD27: 임율 | AE27: 금액
A28: ② | AF28: =IF(AE28-M28=0," ",AE28-M28) | AG28: =IF(AE28-V28=0," ",AE28-V28) | AJ28: 조립공수 | AL28: AA 초도가 제출 | AO28: 입찰가 | AR28: 초도가 | AU28: 비고
A29: 노 | B29: GANH ASY RASPAD D/SIDE | C29: 55591-10000 | D29: 사출 | E29: 74 | F29: 4386 | G29: 1 | H29: 0.22352822 | I29: 3 | J29: 0.47305096 | K29: =ROUNDDOWN(16+(4.396*((K11+K12)*I29)^0.1477)+3.22*3^2*1*0.9,2) -> 51.68 | L29: 79889 | M29: =ROUNDDOWN((K29/I29*1.1+E29*60/F29)*L29/3600*J29,2) -> 209.55 | N29: 66 | O29: 18375 | P29: 2 | Q29: 0.28480919 | R29: 8 | S29: 0.65811303 | T29: 57.874329 | U29: 41073 | V29: =ROUNDDOWN((T29/R29*1.1+N29*60/O29)*U29/3600*S29,2) -> 61.36 | W29: 223 | X29: 5844 | Y29: 2 | Z29: 0.21208323 | AA29: 5 | AB29: 0.42292466 | AC29: =ROUNDDOWN(16+(4.396*((AC11+AC12)*AA29)^0.1477)+3.22*3^2*1*0.9,2) -> 52.18 | AD29: 49561 | AE29: =ROUNDDOWN((AC29/AA29*1.1+W29*60/X29)*AD29/3600*AB29,2) -> 80.16 | AF29: =IF(AE29-M29=0," ",AE29-M29) -> -129.39 | AG29: =IF(AE29-V29=0," ",AE29-V29) -> 18.8 | AH29: ▶ 입찰기준 연동 (입찰기준 임율 20,700 比 -15.9% 적용) | AJ29: NO | AK29: P/NO | AL29: U/S | AM29: C/T | AN29: 총공수 | AO29: U/S | AP29: C/T | AQ29: 총공수 | AR29: U/S | AS29: C/T | AT29: 총공수
A30: 무 | B30: ASSY | C30: 55591-10000 | D30: ASS'Y | E30: 0 | F30: 3808 | G30: 1 | H30: 0.21492457 | I30: =IF($D30="ASS'Y",1,VLOOKUP($C30,#REF!,22,0)) -> 1 | J30: 1 | K30: =AN35 -> 141 | L30: 61584 | M30: =ROUNDDOWN((K30/I30*1.1+E30*60/F30)*L30/3600*J30,2) -> 2653.24 | N30: 0 | O30: 10868 | P30: 2 | Q30: 0.19112386 | R30: =IF($D30="ASS'Y",1,VLOOKUP($C30,#REF!,22,0)) -> 1 | S30: 1 | T30: =AQ35 -> 31 | U30: 76597 | V30: =ROUNDDOWN((T30/R30*1.1+N30*60/O30)*U30/3600*S30,2) -> 725.54 | W30: 0 | X30: 5805 | Y30: 2 | Z30: 0.21176507 | AA30: =IF($D30="ASS'Y",1,VLOOKUP($C30,#REF!,22,0)) -> 1 | AB30: 2 | AC30: =AT35 -> 147 | AD30: 46176 | AE30: =ROUNDDOWN((AC30/AA30*1.1+W30*60/X30)*AD30/3600*AB30,2) -> 4148.14 | AF30: =IF(AE30-M30=0," ",AE30-M30) -> 1494.9 | AG30: =IF(AE30-V30=0," ",AE30-V30) -> 3422.6 | AH30: ▶ 입찰 比 H/W 및 PAD U/S 증가에 따른 조립시간 적용 | AJ30: 1 | AK30: PLACTIC CILP | AL30: =I19 -> 1 | AM30: 6 | AN30: =AL30*AM30 -> 6 | AO30: 2 | AP30: 3 | AQ30: =AO30*AP30 -> 6 | AR30: =AA19 -> 2 | AS30: 4 | AT30: =AR30*AS30 -> 8
A31: 비 | B31: 사상 | E31: 0 | F31: 3986 | G31: 2 | H31: 0.29967714 | I31: 1 | J31: 1 | K31: =13*('1-6. 사상'!O5)/1000 -> 9.1152225 | L31: 98186 | M31: =ROUNDDOWN((K31/I31*1.1+E31*60/F31)*L31/3600*J31,2) -> 273.46 | W31: 0 | X31: 6375 | Y31: 1 | Z31: 0.21321681 | AA31: 2 | AB31: 2 | AC31: =13*('1-6. 사상'!O5)/1000 -> 9.1152225 | AD31: 36242 | AE31: =ROUNDDOWN((AC31/AA31*1.1+W31*60/X31)*AD31/3600*AB31,2) -> 100.94 | AF31: =IF(AE31-M31=0," ",AE31-M31) -> -172.52 | AG31: =IF(AE31-V31=0," ",AE31-V31) -> 100.94 | AH31: ▶ 1-6. 사상 참조 (도면 명기 사상공수 반영) | AJ31: 2 | AK31: PAD ANTINOSE NO.3 | AL31: =I20 -> 6 | AM31: 7 | AN31: =AL31*AM31 -> 42 | AO31: 5 | AP31: 5 | AQ31: =AO31*AP31 -> 25 | AR31: =AA20 -> 12 | AS31: 7 | AT31: =AR31*AS31 -> 84
AF32: =IF(AE32-M32=0," ",AE32-M32) | AG32: =IF(AE32-V32=0," ",AE32-V32) | AJ32: 3 | AK32: PAD ANTINOSE NO.5 | AL32: =I21 -> 1 | AM32: 54 | AN32: =AL32*AM32 -> 54 | AR32: =AA21 -> 1 | AS32: 9 | AT32: =AR32*AS32 -> 9
B33: 노무비 소계 | M33: =SUM(M28:M32) -> 3136.25 | V33: =SUM(V28:V32) -> 786.9 | AE33: =SUM(AE28:AE32) -> 4329.24 | AF33: =IF(AE33-M33=0," ",AE33-M33) -> 1192.99 | AG33: =IF(AE33-V33=0," ",AE33-V33) -> 3542.34 | AJ33: 4 | AK33: PAD ANTINOSE NO.7 | AL33: =I22 -> 2 | AM33: 5 | AN33: =AL33*AM33 -> 10 | AR33: =AA22 -> 2 | AS33: 2 | AT33: =AR33*AS33 -> 4
E34: 준비시간 | F34: LOT | G34: U/S | H34: 일.관 | I34: C/V | J34: 기종 | K34: C/T | L34: 경비 | M34: 금액 | N34: 준비시간 | O34: LOT | P34: U/S | Q34: 일.관 | R34: C/V | S34: 기종 | T34: C/T | U34: 경비 | V34: 금액 | W34: 준비시간 | X34: LOT | Y34: U/S | Z34: 일.관 | AA34: C/V | AB34: 기종 | AC34: C/T | AD34: 경비 | AE34: 금액 | AJ34: 5 | AK34: 검사 | AL34: =I23 -> 1 | AM34: 17 | AN34: =AL34*AM34 -> 17 | AR34: =AA23 -> 2 | AS34: 15 | AT34: =AR34*AS34 -> 30
A35: ③ | AF35: =IF(AE35-M35=0," ",AE35-M35) | AG35: =IF(AE35-V35=0," ",AE35-V35) | AJ35: 소계 | AL35: =SUM(AL30:AL33) -> 10 | AM35: =SUM(AM30:AM33) -> 72 | AN35: =SUM(AN30:AN34)+12 -> 141 | AO35: =SUM(AO30:AO33) -> 7 | AP35: =SUM(AP30:AP33) -> 8 | AQ35: =SUM(AQ30:AQ34) -> 31 | AR35: =SUM(AR30:AR33) -> 17 | AS35: =SUM(AS30:AS33) -> 22 | AT35: =SUM(AT30:AT34)+12 -> 147 | AU35: D/SIDE 12초
A36: 경 | B36: GANH ASY RASPAD D/SIDE | C36: 55591-10000 | D36: 사출 | E36: 83 | F36: 3430 | G36: 1 | H36: 0.26191876 | I36: 3 | J36: 642 | K36: =K29 -> 51.68 | L36: 14678 | M36: =ROUNDDOWN(L36*1.6/3600*(K36*1.1/I36+E36*60/F36)*G36,2) -> 133.08 | N36: 121 | O36: 15425 | P36: 3 | Q36: 0.22554614 | R36: 6 | S36: 156 | T36: =T29 -> 57.874329 | U36: 4568 | V36: =ROUNDDOWN(U36*1.55/3600*(T36*1.1/R36+N36*60/O36)*P36,2) -> 65.38 | W36: 101 | X36: 10727 | Y36: 1 | Z36: 0.19277574 | AA36: 4 | AB36: 623 | AC36: =AC29 -> 52.18 | AD36: 7409 | AE36: =ROUNDDOWN(AD36*1.6/3600*(AC36*1.1/AA36+W36*60/X36)*Y36,2) -> 49.11 | AF36: =IF(AE36-M36=0," ",AE36-M36) -> -83.97 | AG36: =IF(AE36-V36=0," ",AE36-V36) -> -16.27 | AH36: ▶ 제품형상 및 원재료특성에 따른 형체력 적용
A37: 비 | AF37: =IF(AE37-M37=0," ",AE37-M37) | AG37: =IF(AE37-V37=0," ",AE37-V37)
AF38: =IF(AE38-M38=0," ",AE38-M38) | AG38: =IF(AE38-V38=0," ",AE38-V38)
B39: 경비 소계 | M39: =SUM(M35:M38) -> 133.08 | V39: =SUM(V35:V38) -> 65.38 | AE39: =SUM(AE35:AE38) -> 49.11 | AF39: =IF(AE39-M39=0," ",AE39-M39) -> -83.97 | AG39: =IF(AE39-V39=0," ",AE39-V39) -> -16.27
A40: ④ | B40: 가 공 비 | I40: ②+③ | M40: =M39+M33 -> 3269.33 | R40: ②+③ | V40: =V39+V33 -> 852.28 | AA40: ②+③ | AE40: =AE39+AE33 -> 4378.35 | AF40: =IF(AE40-M40=0," ",AE40-M40) -> 1109.02 | AG40: =IF(AE40-V40=0," ",AE40-V40) -> 3526.07
A41: ⑤ | B41: 제 조 원 가 | I41: ①+④ | M41: =M40+M26 -> 6759.28 | R41: ①+④ | V41: =V40+V26 -> 120107.06 | AA41: ①+④ | AE41: =AE40+AE26 -> 8042.54 | AF41: =IF(AE41-M41=0," ",AE41-M41) -> 1283.26 | AG41: =IF(AE41-V41=0," ",AE41-V41) -> -112064.52
A42: ⑥ | B42: 일 반 관 리 비 | I42: ④* | L42: 0.26820632 | M42: =SUMPRODUCT(H28:H38,M28:M38) -> 733.89267 | R42: ④* | U42: 0.18359558 | V42: =SUMPRODUCT(Q28:Q38,V28:V38) -> 170.89011 | AA42: ④* | AD42: 0.24708462 | AE42: =SUMPRODUCT(Z28:Z38,AE28:AE38) -> 926.42109 | AF42: =IF(AE42-M42=0," ",AE42-M42) -> 192.52841 | AG42: =IF(AE42-V42=0," ",AE42-V42) -> 755.53098 | AH42: ▶ 입찰기준 연동 (재료관리비 25% → 22% 적용)
A43: ⑦ | B43: 이 윤 | I43: (④+⑥)* | L43: 0.14340263 | M43: =ROUNDDOWN((M40+M42)*L43,2) -> 574.07 | R43: (④+⑥)* | U43: 0.11004863 | V43: =ROUNDDOWN((V40+V42)*U43,2) -> 112.59 | AA43: (④+⑥)* | AD43: 0.082634041 | AE43: =ROUNDDOWN((AE40+AE42)*AD43,2) -> 438.35 | AF43: =IF(AE43-M43=0," ",AE43-M43) -> -135.72 | AG43: =IF(AE43-V43=0," ",AE43-V43) -> 325.76 | AH43: ▶ 입찰기준 연동 (이윤 15% → 10% 적용)
A44: ⑧ | B44: 재 료 관 리 비 | I44: ① * | L44: 0.017370742 | M44: =ROUNDDOWN(SUMIF(H10:H25,L44,M10:M25)*L44,2) -> 0 | R44: ① * | U44: 0.019731694 | V44: =ROUNDDOWN(SUMIF(Q10:Q25,U44,V10:V25)*U44,2) -> 0 | AA44: ① * | AD44: 0.019036838 | AE44: =ROUNDDOWN(SUMIF(Z10:Z25,AD44,AE10:AE25)*AD44,2) -> 0 | AF44: =IF(AE44-M44=0," ",AE44-M44) | AG44: =IF(AE44-V44=0," ",AE44-V44)
A45: ⑨ | B45: 외주재료관리비 | I45: 외주재료비* | L45: 0.0086166555 | M45: =ROUNDDOWN(SUMIF(H10:H25,L45,M10:M25)*L45,2) -> 0 | R45: 외주재료비* | U45: 0.008760869 | V45: =ROUNDDOWN(SUMIF(Q10:Q25,U45,V10:V25)*U45,2) -> 0 | AA45: 외주재료비* | AD45: 0.0084618804 | AE45: =ROUNDDOWN(SUMIF(Z10:Z25,AD45,AE10:AE25)*AD45,2) -> 0 | AF45: =IF(AE45-M45=0," ",AE45-M45) | AG45: =IF(AE45-V45=0," ",AE45-V45)
A46: ⑩ | B46: 금 형 비 | I46: 금형비 | M46: =M60 -> 233.23 | R46: 금형비 | V46: =V60 -> 41.49 | AA46: 금형비 | AE46: =AE60 -> 30.7 | AF46: =IF(AE46-M46=0," ",AE46-M46) -> -202.53 | AG46: =IF(AE46-V46=0," ",AE46-V46) -> -10.79 | AH46: ▶중소기업 일시불 지급 完(금형/검사구)
A47: ⑪ | B47: R & D 비 용 | I47: (⑤+⑥+⑦+⑧+⑨)* | L47: 0.012302566 | M47: =ROUNDDOWN(SUM(M41:M45)*L47,2) -> 99.24 | R47: (⑤+⑥+⑦+⑧+⑨)* | U47: 0.0088602233 | V47: =ROUNDDOWN(SUM(V41:V45)*U47,2) -> 1066.68 | AA47: (⑤+⑥+⑦+⑧+⑨)* | AD47: 0.011945192 | AE47: =ROUNDDOWN(SUM(AE41:AE45)*AD47,2) -> 112.37 | AF47: =IF(AE47-M47=0," ",AE47-M47) -> 13.13 | AG47: =IF(AE47-V47=0," ",AE47-V47) -> -954.31 | AH47: ▶ 입찰기준 연동 (R&D비 1.7% → 1.1% 적용)
A48: ⑫ | B48: 폐 기 비 | AF48: =IF(AE48-M48=0," ",AE48-M48) | AG48: =IF(AE48-V48=0," ",AE48-V48)
A49: ⑬ | B49: 운 반 비 | AF49: =IF(AE49-M49=0," ",AE49-M49) | AG49: =IF(AE49-V49=0," ",AE49-V49)
A50: ⑬ | B50: 불 량 비 | AF50: =IF(AE50-M50=0," ",AE50-M50) | AG50: =IF(AE50-V50=0," ",AE50-V50)
A51: ⑭ | B51: 조 사 가 격 | M51: =SUM(M41:M50) -> 8399.7127 | V51: =SUM(V41:V50) -> 121498.71 | AE51: =SUM(AE41:AE50) -> 9550.3811 | AF51: =IF(AE51-M51=0," ",AE51-M51) -> 1150.6684 | AG51: =IF(AE51-V51=0," ",AE51-V51) -> -111948.33
B52: 조 정 가 | AF52: =IF(AE52-M52=0," ",AE52-M52) | AG52: =IF(AE52-V52=0," ",AE52-V52)
A53: ⑮ | B53: 결 정 가 | M53: =ROUND((SUM(M51:M52)),0) -> 8400 | V53: =ROUND((SUM(V51:V52)),0) -> 121499 | AE53: =ROUND((SUM(AE51:AE52)),0) -> 9550 | AF53: =IF(AE53-M53=0," ",AE53-M53) -> 1150 | AG53: =IF(AE53-V53=0," ",AE53-V53) -> -111949
A54: 특이사항
E55: AA 초도가 제출 (A) | N55: 입찰가 (A) | W55: 초도가 (B) | AF55: 차이 (C-A) | AG55: 차이 (B-A)
E56: 품 목 | G56: CAV | H56: U/S | I56: 금형비 | K56: 상각수량 | M56: 상각비 (원) | N56: 품 목 | P56: CAV | Q56: U/S | R56: 금형비 | T56: 상각수량 | V56: 상각비 (원) | W56: 품 목 | Y56: CAV | Z56: U/S | AA56: 금형비 | AC56: 상각수량 | AE56: 상각비 (원)
E57: GANH ASY RASPAD D/SIDE 1호 | G57: 4 | H57: 2 | I57: 34732 | K57: =50000*5*0.85*0.95 -> 201875 | M57: =ROUNDDOWN(I57/K57*1000,2) -> 172.04 | N57: GANH ASY RASPAD D/SIDE | P57: 9 | Q57: 2 | R57: 128757 | T57: 3403533 | V57: =ROUNDDOWN(R57/T57*1000,2) -> 37.83 | W57: GANH ASY RASPAD D/SIDE 1호 | AF57: =IF(AE57-M57=0," ",AE57-M57) -> -172.04 | AG57: =IF(AE57-V57=0," ",AE57-V57) -> -37.83 | AH57: ▶I-CMIS 산출가 적용
E58: GANH ASY RASPAD D/SIDE(LASER) | G58: 2 | H58: 2 | I58: 4044 | K58: =50000*5*0.85*0.95 -> 201875 | M58: =ROUNDDOWN(I58/K58*1000,2) -> 20.03 | P58: 2 | Q58: 4 | W58: GANH ASY RASPAD D/SIDE(LASER) | Y58: 1 | Z58: 1 | AA58: 6198 | AC58: =50000*5*0.85*0.95 -> 201875 | AE58: =ROUNDDOWN(AA58/AC58*1000,2) -> 30.7 | AF58: =IF(AE58-M58=0," ",AE58-M58) -> 10.67 | AG58: =IF(AE58-V58=0," ",AE58-V58) -> 30.7 | AH58: ▶#레이저엠보 원가 적용
E59: C/F | G59: 1 | H59: 2 | I59: 8310 | K59: =50000*5*0.85*0.95 -> 201875 | M59: =ROUNDDOWN(I59/K59*1000,2) -> 41.16 | N59: C/F | P59: 4 | Q59: 3 | R59: 7335 | T59: 2001979 | V59: =ROUNDDOWN(R59/T59*1000,2) -> 3.66 | W59: C/F | AF59: =IF(AE59-M59=0," ",AE59-M59) -> -41.16 | AG59: =IF(AE59-V59=0," ",AE59-V59) -> -3.66 | AH59: ▶I-CMIS 산출가 적용
E60: 합 계 | M60: =SUM(M57:M59) -> 233.23 | N60: 합 계 | V60: =SUM(V57:V59) -> 41.49 | W60: 합 계 | AE60: =SUM(AE57:AE59) -> 30.7 | AF60: =SUM(AF57:AF59) -> -202.53 | AG60: =SUM(AG57:AG59) -> -10.79

Sheet 55648-98855
A1: 비 교 원 가 계 산 서
A3: 품 번 : 55648-98855 | AH3: 차 종 : qq5
A4: 품 명 : GANH ASY RASPAD D/SIDE (RHD) | AH4: 업 체 : 지-텍텍텍(DDDD)
A5: EO NO : ABC564 | AH5: 작성일자 : 22.1.21
A7: 구 분 | E7: T 초도가 제출 (A) | N7: 55648-98655 결정가 (A) | W7: 초도가 (B) | AF7: 차이 (B-A) | AG7: 차이 (B-A) | AH7: 비 고
E9: 재 질 | G9: LOSS율 | H9: 재.관 | I9: U/S | J9: 단위 | K9: 소요량 | L9: 단가 | M9: 금액 | N9: 재 질 | P9: LOSS율 | Q9: 재.관 | R9: U/S | S9: 단위 | T9: 소요량 | U9: 단가 | V9: 금액 | W9: 재 질 | Y9: LOSS율 | Z9: 재.관 | AA9: U/S | AB9: 단위 | AC9: 소요량 | AD9: 단가 | AE9: 금액 | AH9: ※년 생산 5,000대
A10: ①
A11: 재 | B11: GANH ASY RASPAD D/SIDE | C11: 55591-98500 | D11: 사출 | E11: MS215-08 TB | G11: 0.017910056 | H11: 0.019467657 | I11: 2 | J11: g | K11: 40.572522 | L11: 5.3490552 | M11: =ROUNDDOWN(L11*K11*(1+G11),2) -> 220.91 | N11: MS215-08 TB | P11: 0.0046956654 | Q11: 0.016835458 | R11: 1 | S11: g | T11: 39.733642 | U11: 4.9180667 | V11: =ROUNDDOWN(U11*T11*(1+981),2) -> 191895.27 | W11: MS215-08 TB | Y11: 0.022490459 | Z11: 0.020336234 | AA11: 1 | AB11: g | AC11: 56.855015 | AD11: 4.4835042 | AE11: =ROUNDDOWN(AD11*AC11*(1+Y11),2) -> 260.64 | AF11: =IF(AD11-L11=0," ",AD11-L11) -> -0.86555105 | AG11: =IF(AE11-V11=0," ",AE11-V11) -> -191634.63 | AH11: ▶ LOSS율 차이 / 제품중량 차이 적용
A12: 료 | B12: B/S | D12: 분쇄비 | E12: PC+PBT | G12: 0 | H12: 0.01903193 | I12: 1 | J12: g | K12: =K11*(22/100) -> 8.9259547 | L12: 0.03285365 | M12: =ROUNDDOWN(L12*K12*(1+G12),2) -> 0.29 | N12: PC+PBT | P12: 0 | Q12: 0.020026969 | R12: 1 | S12: g | T12: =T11*(22/100) -> 8.7414013 | U12: 0.036248484 | V12: =ROUNDDOWN(U12*T12*(1+982),2) -> 311.47 | W12: PC+PBT | Y12: 0 | Z12: 0.023722916 | AA12: 2 | AB12: g | AC12: =AC11*(22/100) -> 12.508103 | AD12: 0.041892539 | AE12: =ROUNDDOWN(AD12*AC12*(1+Y12),2) -> 0.52 | AF12: =IF(AD12-L12=0," ",AD12-L12) -> 0.0090388899 | AG12: =IF(AE12-V12=0," ",AE12-V12) -> -310.95 | AH12: ↑
A13: 비 | AF13: =IF(AD13-L13=0," ",AD13-L13) | AG13: =IF(AE13-V13=0," ",AE13-V13)
AG14: =IF(AE14-V14=0," ",AE14-V14)
B15: GANH ASY RASPAD D/SIDE 도장재료비 | C15: 55591-98500 | D15: 도장재료비 | E15: 메탈도장 | G15: 0 | H15: 0.021258051 | I15: 1 | J15: d㎡ | K15: 1.4111291 | L15: ='1-1. 도장재료비'!J21 -> 564.27 | M15: =ROUNDDOWN((L15*K15*(1+G15)*I15),2) -> 796.25 | N15: 메탈도장 | P15: 0 | Q15: 0.016515929 | R15: 2 | S15: d㎡ | T15: 1.4150695 | U15: =AD15 -> 564.27 | V15: =ROUNDDOWN((U15*T15*(1+985)*R15),2) -> 1574605.1 | W15: 메탈도장 | Y15: 0 | Z15: 0.019976568 | AA15: 1 | AB15: d㎡ | AC15: 1.1652385 | AD15: ='1-1. 도장재료비'!J21 -> 564.27 | AE15: =ROUNDDOWN((AD15*AC15*(1+Y15)*AA15),2) -> 657.5 | AF15: =IF(AD15-L15=0," ",AD15-L15) | AG15: =IF(AE15-V15=0," ",AE15-V15) -> -1573947.6
B16: GANH ASY RASPAD D/SIDE 도장가공비 | C16: 55591-98500 | D16: 도장가공비 | E16: MS655-11 TC | G16: 0 | H16: 0 | I16: 1 | J16: EA | K16: 5 | L16: ='1-2. 도장가공비'!O19 -> 4482.7548 | M16: =ROUNDDOWN((L16/K16*(1+G16)*I16),2) -> 896.55 | N16: MS655-11 TC | P16: 0 | Q16: 0 | R16: 1 | S16: EA | T16: 4 | U16: =AD16 -> 4482.7548 | V16: =ROUNDDOWN((U16/T16*(1+986)*R16),2) -> 1106119.7 | W16: MS655-11 TC | Y16: 0 | Z16: 0 | AA16: 2 | AB16: EA | AC16: 5 | AD16: ='1-2. 도장가공비'!O19 -> 4482.7548 | AE16: =ROUNDDOWN((AD16/AC16*(1+Y16)*AA16),2) -> 1793.1 | AF16: =IF(AD16-L16=0," ",AD16-L16) | AG16: =IF(AE16-V16=0," ",AE16-V16) -> -1104326.6
B17: GANH ASY RASPAD D/SIDE 도장폐기비 | C17: 55591-98500 | D17: 도장폐기비 | G17: 0 | H17: 0 | I17: 1 | J17: EA | K17: =((M11+M12+M29+M36)*3%)-((K11*3%)/1000*400) -> 10.28013 | L17: 2 | M17: =ROUNDDOWN((L17*K17*(1+G17)*I17),2) -> 20.56 | P17: 0 | Q17: 0 | R17: 2 | S17: EA | T17: =((V11+V12+V29+V36)*3%)-((T11*3%)/1000*400) -> 5769.3353 | U17: =AD17 -> 2 | V17: =ROUNDDOWN((U17*T17*(1+987)*R17),2) -> 22800413 | Y17: 0 | Z17: 0 | AA17: 2 | AB17: EA | AC17: =((AE11+AE12+AE29+AE36)*3%)-((AC11*3%)/1000*400) -> 15.01764 | AD17: 2 | AE17: =ROUNDDOWN((AD17*AC17*(1+Y17)*AA17),2) -> 60.07 | AF17: =IF(AD17-L17=0," ",AD17-L17) | AG17: =IF(AE17-V17=0," ",AE17-V17) -> -22800353 | AH17: ▶ LOSS율 차이 / 제품중량 차이 적용
AF18: =IF(AD18-L18=0," ",AD18-L18) | AG18: =IF(AE18-V18=0," ",AE18-V18)
B19: PLACTIC CILP | C19: 55547-2L000 | D19: C/O | G19: 0 | H19: 0.011503119 | I19: 1 | J19: EA | K19: 1 | L19: 37 | M19: =ROUNDDOWN(L19*K19*(I19),2) -> 37 | P19: 0 | Q19: 0.011189189 | R19: 2 | S19: EA | T19: 1 | U19: 13 | V19: =ROUNDDOWN(U19*T19*(R19),2) -> 26 | Y19: 0 | Z19: 0.0086710513 | AA19: 1 | AB19: EA | AC19: 2 | AD19: 23 | AE19: =ROUNDDOWN(AD19*AC19*(AA19),2) -> 46 | AF19: =IF(AD19-L19=0," ",AD19-L19) -> -14 | AG19: =IF(AE19-V19=0," ",AE19-V19) -> 20
B20: PAD ANTINOSE NO.3 | C20: 84520-98020 | D20: 일반부품 | E20: 흑색부직포(10*10*0.5T) | G20: 0 | H20: 0 | I20: 6 | J20: EA | K20: 1 | L20: 16.069725 | M20: =ROUNDDOWN(L20*K20*(I20),2) -> 96.41 | N20: 흑색부직포(10*10*0.5T) | P20: 0 | Q20: 0 | R20: 13 | S20: EA | T20: 1 | U20: =AD20 -> 23.7 | V20: =ROUNDDOWN(U20*T20*(R20),2) -> 308.1 | W20: 흑색부직포(10*10*0.5T) | Y20: 0 | Z20: 0 | AA20: 6 | AB20: EA | AC20: 2 | AD20: ='1-4 PAD'!V10 -> 23.7 | AE20: =ROUNDDOWN(AD20*AC20*(AA20),2) -> 284.4 | AF20: =IF(AD20-L20=0," ",AD20-L20) -> 7.6302755 | AG20: =IF(AE20-V20=0," ",AE20-V20) -> -23.7
B21: PAD ANTINOSE NO.5 | C21: 55596-98020 | D21: 일반부품 | E21: 흑색부직포(50*15*0.5T) | G21: 0 | H21: 0 | I21: 1 | J21: EA | K21: 1 | L21: 28.262494 | M21: =ROUNDDOWN(L21*K21*(I21),2) -> 28.26 | N21: 흑색부직포(50*15*0.5T) | P21: 0 | Q21: 0 | R21: 1 | S21: EA | T21: 1 | U21: =AD21 -> 24.4 | V21: =ROUNDDOWN(U21*T21*(R21),2) -> 24.4 | W21: 흑색부직포(50*15*0.5T) | Y21: 0 | Z21: 0 | AA21: 1 | AB21: EA | AC21: 2 | AD21: ='1-4 PAD'!V11 -> 24.4 | AE21: =ROUNDDOWN(AD21*AC21*(AA21),2) -> 48.8 | AF21: =IF(AD21-L21=0," ",AD21-L21) -> -3.8624943 | AG21: =IF(AE21-V21=0," ",AE21-V21) -> 24.4
B22: PAD ANTINOSE NO.7 | C22: 55591-98110 | D22: 일반부품 | E22: 흑색부직포(25*15*0.5T) | G22: 0 | H22: 0 | I22: 4 | J22: EA | K22: 1 | L22: 18.446954 | M22: =ROUNDDOWN(L22*K22*(I22),2) -> 73.78 | N22: 흑색부직포(25*15*0.5T) | P22: 0 | Q22: 0 | R22: 5 | S22: EA | T22: 2 | U22: =AD22 -> 17.5 | V22: =ROUNDDOWN(U22*T22*(R22),2) -> 175 | W22: 흑색부직포(25*15*0.5T) | Y22: 0 | Z22: 0 | AA22: 5 | AB22: EA | AC22: 2 | AD22: ='1-4 PAD'!V12 -> 17.5 | AE22: =ROUNDDOWN(AD22*AC22*(AA22),2) -> 175 | AF22: =IF(AD22-L22=0," ",AD22-L22) -> -0.94695443 | AG22: =IF(AE22-V22=0," ",AE22-V22)
B23: BAR CODE | D23: 일반부품 | G23: 0 | H23: 0 | I23: 1 | J23: EA | K23: 2 | L23: 75 | M23: =ROUNDDOWN(L23*K23*(I23),2) -> 150 | P23: 0 | Q23: 0 | R23: 1 | S23: EA | T23: 1 | U23: 84 | V23: =ROUNDDOWN(U23*T23*(R23),2) -> 84 | Y23: 0 | Z23: 0 | AA23: 1 | AB23: EA | AC23: 2 | AD23: 134 | AE23: =ROUNDDOWN(AD23*AC23*(AA23),2) -> 268 | AF23: =IF(AD23-L23=0," ",AD23-L23) -> 59 | AG23: =IF(AE23-V23=0," ",AE23-V23) -> 184
B24: 보호랩 | C24: 237*46 | D24: 일반부품 | G24: 0 | H24: 0 | I24: 1 | J24: EA | K24: 2 | L24: 77 | M24: =ROUNDDOWN(L24*K24*(I24),2) -> 154 | P24: 0 | Q24: 0 | R24: 2 | S24: EA | T24: 2 | U24: =AD24 -> 95 | V24: =ROUNDDOWN(U24*T24*(R24),2) -> 380 | Y24: 0 | Z24: 0 | AA24: 1 | AB24: EA | AC24: 1 | AD24: ='#보호랩'!O6 -> 95 | AE24: =ROUNDDOWN(AD24*AC24*(AA24),2) -> 95 | AF24: =IF(AD24-L24=0," ",AD24-L24) -> 18 | AG24: =IF(AE24-V24=0," ",AE24-V24) -> -285
AF25: =IF(AD25-L25=0," ",AD25-L25) | AG25: =IF(AE25-V25=0," ",AE25-V25)
B26: 재료비 소계 | M26: =SUM(M10:M25) -> 2474.01 | V26: =SUM(V10:V25) -> 25674342 | AE26: =SUM(AE10:AE25) -> 3689.03 | AF26: =IF(AD26-L26=0," ",AD26-L26) | AG26: =IF(AE26-V26=0," ",AE26-V26) -> -25670653
E27: 준비시간 | F27: LOT | G27: U/S | H27: 일.관 | I27: C/V | J27: 인원 | K27: C/T | L27: 임율 | M27: 금액 | N27: 준비시간 | O27: LOT | P27: U/S | Q27: 일.관 | R27: C/V | S27: 인원 | T27: C/T | U27: 임율 | V27: 금액 | W27: 준비시간 | X27: LOT | Y27: U/S | Z27: 일.관 | AA27: C/V | AB27: 인원 | AC27: C/T | AD27: 임율 | AE27: 금액
A28: ② | AF28: =IF(AD28-L28=0," ",AD28-L28) | AG28: =IF(AE28-V28=0," ",AE28-V28)
A29: 노 | B29: GANH ASY RASPAD D/SIDE | C29: 55591-98500 | D29: 사출 | E29: 81 | F29: 1309 | G29: 2 | H29: 0.23122881 | I29: 5 | J29: 0.43035125 | K29: =ROUNDDOWN(16+(4.396*((K11+K12)*I29)^0.1477)+3.22*3^2*1*0.9,2) -> 52 | L29: 45249 | M29: =ROUNDDOWN((K29/I29*1.1+E29*60/F29)*L29/3600*J29,2) -> 81.96 | N29: 131 | O29: 2526 | P29: 2 | Q29: 0.18606129 | R29: 5 | S29: 0.52659516 | T29: =AC29 -> 51.19 | U29: 38259 | V29: =ROUNDDOWN((T29/R29*1.1+N29*60/O29)*U29/3600*S29,2) -> 80.43 | W29: 126 | X29: 1676 | Y29: 1 | Z29: 0.25169429 | AA29: 2 | AB29: 0.48776528 | AC29: =ROUNDDOWN(16+(4.396*((AC11+AC12)*AA29)^0.1477)+3.22*3^2*1*0.9,2) -> 51.19 | AD29: 43869 | AE29: =ROUNDDOWN((AC29/AA29*1.1+W29*60/X29)*AD29/3600*AB29,2) -> 194.15 | AF29: =IF(AD29-L29=0," ",AD29-L29) -> -1380 | AG29: =IF(AE29-V29=0," ",AE29-V29) -> 113.72 | AH29: ▶ 생산 LOT차이 | AJ29: 조립공수 | AL29: AA 초도가 제출 | AO29: 초도가 | AR29: 비고
A30: 무 | B30: ASSY | C30: 55591-98500 | D30: ASS'Y | E30: 0 | F30: 2535 | G30: 1 | H30: 0.23972436 | I30: =IF($D30="ASS'Y",1,VLOOKUP($C30,#REF!,22,0)) -> 1 | J30: 2 | K30: =AN36 -> 79 | L30: 31892 | M30: =ROUNDDOWN((K30/I30*1.1+E30*60/F30)*L30/3600*J30,2) -> 1539.67 | N30: 0 | O30: 3675 | P30: 1 | Q30: 0.18292638 | R30: =IF($D30="ASS'Y",1,VLOOKUP($C30,#REF!,22,0)) -> 1 | S30: 2 | T30: =AC30 -> 84 | U30: 21288 | V30: =ROUNDDOWN((T30/R30*1.1+N30*60/O30)*U30/3600*S30,2) -> 1092.78 | W30: 0 | X30: 3918 | Y30: 2 | Z30: 0.19638051 | AA30: =IF($D30="ASS'Y",1,VLOOKUP($C30,#REF!,22,0)) -> 1 | AB30: 2 | AC30: =AQ36 -> 84 | AD30: 46871 | AE30: =ROUNDDOWN((AC30/AA30*1.1+W30*60/X30)*AD30/3600*AB30,2) -> 2406.04 | AF30: =IF(AD30-L30=0," ",AD30-L30) -> 14979 | AG30: =IF(AE30-V30=0," ",AE30-V30) -> 1313.26 | AJ30: NO | AK30: P/NO | AL30: U/S | AM30: C/T | AN30: 총공수 | AO30: U/S | AP30: C/T | AQ30: 총공수
A31: 비 | B31: 사상 | E31: 0 | F31: 3200 | G31: 1 | H31: 0.27695068 | I31: 2 | J31: 1 | K31: =13*('1-6. 사상'!O5)/1000 -> 9.1152225 | L31: 28795 | M31: =ROUNDDOWN((K31/I31*1.1+E31*60/F31)*L31/3600*J31,2) -> 40.1 | N31: 0 | O31: 2808 | P31: 1 | Q31: 0.18943556 | R31: 2 | S31: 1 | T31: =AC31 -> 9.1152225 | U31: 24548 | V31: =ROUNDDOWN((T31/R31*1.1+N31*60/O31)*U31/3600*S31,2) -> 34.18 | W31: 0 | X31: 4054 | Y31: 2 | Z31: 0.19211069 | AA31: 2 | AB31: 1 | AC31: =13*('1-6. 사상'!O5)/1000 -> 9.1152225 | AD31: 17548 | AE31: =ROUNDDOWN((AC31/AA31*1.1+W31*60/X31)*AD31/3600*AB31,2) -> 24.43 | AF31: =IF(AD31-L31=0," ",AD31-L31) -> -11247 | AG31: =IF(AE31-V31=0," ",AE31-V31) -> -9.75 | AJ31: 1 | AK31: PLACTIC CILP | AL31: =I19 -> 1 | AM31: 2 | AN31: =AL31*AM31 -> 2 | AO31: =AA19 -> 1 | AP31: 2 | AQ31: =AO31*AP31 -> 2
AF32: =IF(AD32-L32=0," ",AD32-L32) | AG32: =IF(AE32-V32=0," ",AE32-V32) | AJ32: 2 | AK32: PAD ANTINOSE NO.3 | AL32: =I20 -> 6 | AM32: 5 | AN32: =AL32*AM32 -> 30 | AO32: =AA20 -> 6 | AP32: 5 | AQ32: =AO32*AP32 -> 30
B33: 노무비 소계 | M33: =SUM(M28:M32) -> 1661.73 | V33: =SUM(V28:V32) -> 1207.39 | AE33: =SUM(AE28:AE32) -> 2624.62 | AF33: =IF(AD33-L33=0," ",AD33-L33) | AG33: =IF(AE33-V33=0," ",AE33-V33) -> 1417.23 | AJ33: 3 | AK33: PAD ANTINOSE NO.5 | AL33: =I21 -> 1 | AM33: 5 | AN33: =AL33*AM33 -> 5 | AO33: =AA21 -> 1 | AP33: 5 | AQ33: =AO33*AP33 -> 5
E34: 준비시간 | F34: LOT | G34: U/S | H34: 일.관 | I34: C/V | J34: 기종 | K34: C/T | L34: 경비 | M34: 금액 | N34: 준비시간 | O34: LOT | P34: U/S | Q34: 일.관 | R34: C/V | S34: 기종 | T34: C/T | U34: 경비 | V34: 금액 | W34: 준비시간 | X34: LOT | Y34: U/S | Z34: 일.관 | AA34: C/V | AB34: 기종 | AC34: C/T | AD34: 경비 | AE34: 금액 | AJ34: 4 | AK34: PAD ANTINOSE NO.7 | AL34: =I22 -> 4 | AM34: 5 | AN34: =AL34*AM34 -> 20 | AO34: =AA22 -> 5 | AP34: 5 | AQ34: =AO34*AP34 -> 25
A35: ③ | AF35: =IF(AD35-L35=0," ",AD35-L35) | AG35: =IF(AE35-V35=0," ",AE35-V35) | AJ35: 5 | AK35: 검사 | AL35: =I23 -> 1 | AM35: 10 | AN35: =AL35*AM35 -> 10 | AO35: =AA23 -> 1 | AP35: 10 | AQ35: =AO35*AP35 -> 10
A36: 경 | B36: GANH ASY RASPAD D/SIDE | C36: 55591-98500 | D36: 사출 | E36: 83 | F36: 1230 | G36: 2 | H36: 0.28912794 | I36: 5 | J36: 338 | K36: =K29 -> 52 | L36: 4049 | M36: =ROUNDDOWN(L36*1.6/3600*(K36*1.1/I36+E36*60/F36)*G36,2) -> 55.74 | N36: 45 | O36: 2215 | P36: 1 | Q36: 0.1925556 | R36: 5 | S36: 686 | T36: =T29 -> 51.19 | U36: 7194 | V36: =ROUNDDOWN(U36*1.6/3600*(T36*1.1/R36+N36*60/O36)*P36,2) -> 39.9 | W36: 110 | X36: 1006 | Y36: 1 | Z36: 0.17848573 | AA36: 5 | AB36: 641 | AC36: =AC29 -> 51.19 | AD36: 8588 | AE36: =ROUNDDOWN(AD36*1.6/3600*(AC36*1.1/AA36+W36*60/X36)*Y36,2) -> 68.02 | AF36: =IF(AD36-L36=0," ",AD36-L36) -> 4539 | AG36: =IF(AE36-V36=0," ",AE36-V36) -> 28.12 | AH36: ▶ 생산 LOT차이 | AJ36: 소계 | AL36: =SUM(AL31:AL34) -> 12 | AM36: =SUM(AM31:AM34) -> 17 | AN36: =SUM(AN31:AN35)+12 -> 79 | AO36: =SUM(AO31:AO34) -> 13 | AP36: =SUM(AP31:AP34) -> 17 | AQ36: =SUM(AQ31:AQ35)+12 -> 84 | AR36: D/SIDE 12초
A37: 비 | AF37: =IF(AD37-L37=0," ",AD37-L37) | AG37: =IF(AE37-V37=0," ",AE37-V37)
AF38: =IF(AD38-L38=0," ",AD38-L38) | AG38: =IF(AE38-V38=0," ",AE38-V38)
B39: 경비 소계 | M39: =SUM(M35:M38) -> 55.74 | V39: =SUM(V35:V38) -> 39.9 | AE39: =SUM(AE35:AE38) -> 68.02 | AF39: =IF(AD39-L39=0," ",AD39-L39) | AG39: =IF(AE39-V39=0," ",AE39-V39) -> 28.12
A40: ④ | B40: 가 공 비 | I40: ②+③ | M40: =M39+M33 -> 1717.47 | R40: ②+③ | V40: =V39+V33 -> 1247.29 | AA40: ②+③ | AE40: =AE39+AE33 -> 2692.64 | AF40: =IF(AD40-L40=0," ",AD40-L40) | AG40: =IF(AE40-V40=0," ",AE40-V40) -> 1445.35
A41: ⑤ | B41: 제 조 원 가 | I41: ①+④ | M41: =M40+M26 -> 4191.48 | R41: ①+④ | V41: =V40+V26 -> 25675589 | AA41: ①+④ | AE41: =AE40+AE26 -> 6381.67 | AF41: =IF(AD41-L41=0," ",AD41-L41) | AG41: =IF(AE41-V41=0," ",AE41-V41) -> -25669208
A42: ⑥ | B42: 일 반 관 리 비 | I42: ④* | L42: 0.23326915 | M42: =SUMPRODUCT(H28:H38,M28:M38) -> 415.26963 | R42: ④* | U42: 0.21568292 | V42: =SUMPRODUCT(Q28:Q38,V28:V38) -> 229.02108 | AA42: ④* | AD42: 0.22484997 | AE42: =SUMPRODUCT(Z28:Z38,AE28:AE38) -> 538.19966 | AF42: =IF(AD42-L42=0," ",AD42-L42) -> -0.0084191825 | AG42: =IF(AE42-V42=0," ",AE42-V42) -> 309.17858
A43: ⑦ | B43: 이 윤 | I43: (④+⑥)* | L43: 0.16819982 | M43: =ROUNDDOWN((M40+M42)*L43,2) -> 358.72 | R43: (④+⑥)* | U43: 0.10255957 | V43: =ROUNDDOWN((V40+V42)*U43,2) -> 151.4 | AA43: (④+⑥)* | AD43: 0.088143291 | AE43: =ROUNDDOWN((AE40+AE42)*AD43,2) -> 284.77 | AF43: =IF(AD43-L43=0," ",AD43-L43) -> -0.080056527 | AG43: =IF(AE43-V43=0," ",AE43-V43) -> 133.37
A44: ⑧ | B44: 재 료 관 리 비 | I44: ① * | L44: 0.017660749 | M44: =ROUNDDOWN(SUMIF(H10:H25,L44,M10:M25)*L44,2) -> 0 | R44: ① * | U44: 0.018917504 | V44: =ROUNDDOWN(SUMIF(Q10:Q25,U44,V10:V25)*U44,2) -> 0 | AA44: ① * | AD44: 0.020588156 | AE44: =ROUNDDOWN(SUMIF(Z10:Z25,AD44,AE10:AE25)*AD44,2) -> 0 | AF44: =IF(AD44-L44=0," ",AD44-L44) -> 0.0029274073 | AG44: =IF(AE44-V44=0," ",AE44-V44)
A45: ⑨ | B45: 외주재료관리비 | I45: 외주재료비* | L45: 0.0093767233 | M45: =ROUNDDOWN(SUMIF(H10:H25,L45,M10:M25)*L45,2) -> 0 | R45: 외주재료비* | U45: 0.010112919 | V45: =ROUNDDOWN(SUMIF(Q10:Q25,U45,V10:V25)*U45,2) -> 0 | AA45: 외주재료비* | AD45: 0.0097019401 | AE45: =ROUNDDOWN(SUMIF(Z10:Z25,AD45,AE10:AE25)*AD45,2) -> 0 | AF45: =IF(AD45-L45=0," ",AD45-L45) -> 0.00032521677 | AG45: =IF(AE45-V45=0," ",AE45-V45)
A46: ⑩ | B46: 금 형 비 | I46: 금형비 | M46: =M60 -> 899.29 | R46: 금형비 | V46: =V60 -> 30.94 | AA46: 금형비 | AE46: =AE60 -> 490.54 | AF46: =IF(AD46-L46=0," ",AD46-L46) | AG46: =IF(AE46-V46=0," ",AE46-V46) -> 459.6
A47: ⑪ | B47: R & D 비 용 | I47: (⑤+⑥+⑦+⑧+⑨)* | L47: 0.017496491 | M47: =ROUNDDOWN(SUM(M41:M45)*L47,2) -> 86.87 | R47: (⑤+⑥+⑦+⑧+⑨)* | U47: 0.0090201981 | V47: =ROUNDDOWN(SUM(V41:V45)*U47,2) -> 231602.33 | AA47: (⑤+⑥+⑦+⑧+⑨)* | AD47: 0.01120944 | AE47: =ROUNDDOWN(SUM(AE41:AE45)*AD47,2) -> 80.75 | AF47: =IF(AD47-L47=0," ",AD47-L47) -> -0.006287051 | AG47: =IF(AE47-V47=0," ",AE47-V47) -> -231521.58
A48: ⑫ | B48: 폐 기 비 | AF48: =IF(AD48-L48=0," ",AD48-L48) | AG48: =IF(AE48-V48=0," ",AE48-V48)
A49: ⑬ | B49: 운 반 비 | AF49: =IF(AD49-L49=0," ",AD49-L49) | AG49: =IF(AE49-V49=0," ",AE49-V49)
A50: ⑬ | B50: 불 량 비 | AF50: =IF(AD50-L50=0," ",AD50-L50) | AG50: =IF(AE50-V50=0," ",AE50-V50)
A51: ⑭ | B51: 조 사 가 격 | M51: =SUM(M41:M50) -> 5951.6296 | V51: =SUM(V41:V50) -> 25907603 | AE51: =SUM(AE41:AE50) -> 7775.9297 | AF51: =IF(AD51-L51=0," ",AD51-L51) | AG51: =IF(AE51-V51=0," ",AE51-V51) -> -25899827
B52: 조 정 가 | AF52: =IF(AD52-L52=0," ",AD52-L52) | AG52: =IF(AE52-V52=0," ",AE52-V52)
A53: ⑮ | B53: 결 정 가 | M53: =ROUND((SUM(M51:M52)),0) -> 5952 | V53: =ROUND((SUM(V51:V52)),0) -> 25907603 | AE53: =ROUND((SUM(AE51:AE52)),0) -> 7776 | AF53: =IF(AD53-L53=0," ",AD53-L53) | AG53: =IF(AE53-V53=0," ",AE53-V53) -> -25899827
A54: 특이사항
E55: AA 초도가 제출 (A) | N55: 결정가 (A) | W55: 초도가 (B) | AF55: 차이 (B-A) | AG55: 차이 (B-A)
E56: 품 목 | G56: CAV | H56: U/S | I56: 금형비 | K56: 상각수량 | M56: 상각비 (원) | N56: 품 목 | P56: CAV | Q56: U/S | R56: 금형비 | T56: 상각수량 | V56: 상각비 (원) | W56: 품 목 | Y56: CAV | Z56: U/S | AA56: 금형비 | AC56: 상각수량 | AE56: 상각비 (원) | AV56: 수량 | AW56: 옵션율
AF57: =IF(AD57-L57=0," ",AD57-L57) | AG57: =IF(AE57-M57=0," ",AE57-M57) | AU57: 메탈페인트(M2P) | AV57: =AV60*AW57 -> 49075.5 | AW57: 0.25
E58: GANH ASY RASPAD D/SIDE(LASER) | G58: 1 | H58: 2 | I58: 9555 | K58: =50000*5*0.85*0.05 -> 10625 | M58: =ROUNDDOWN(I58/K58*1000,2) -> 899.29 | N58: GANH ASY RASPAD D/SIDE(LASER) | P58: 2 | Q58: 2 | R58: 6248 | T58: =50000*5*0.85*0.95 -> 201875 | V58: =ROUNDDOWN(R58/T58*1000,2) -> 30.94 | W58: GANH ASY RASPAD D/SIDE(LASER) | Y58: 2 | Z58: 2 | AA58: 5212 | AC58: =50000*5*0.85*0.05 -> 10625 | AE58: =ROUNDDOWN(AA58/AC58*1000,2) -> 490.54 | AF58: =IF(AD58-L58=0," ",AD58-L58) | AG58: =IF(AE58-V58=0," ",AE58-V58) -> 459.6 | AH58: ▶옵션별 상각수량 적용 차이 | AU58: SRP(AY8) | AV58: =AV60*AW58 -> 49075.5 | AW58: 0.25
AF59: =IF(AD59-L59=0," ",AD59-L59) | AG59: =IF(AE59-M59=0," ",AE59-M59) | AU59: 수압전사(AY9) | AV59: =AV60*AW59 -> 98151 | AW59: 0.5
E60: 합 계 | M60: =SUM(M57:M59) -> 899.29 | N60: 합 계 | V60: =SUM(V57:V59) -> 30.94 | W60: 합 계 | AE60: =SUM(AE57:AE59) -> 490.54 | AF60: =IF(AD60-L60=0," ",AD60-L60) | AG60: =IF(AE60-M60=0," ",AE60-M60) -> -408.75 | AV60: 196302 | AW60: 1

Sheet 1-1. 도장재료비
B2: ■ qq5 적용 도장재료비
B3: *내장PAINT 재료비 (참조용) → SVR, 도막두께, 도료단가, 희석비율 구매팀 최종 확인 후 적용 할 것
B4: P/NAME | C4: GANH ASY RASPAD D/SIDE
B5: 칼라코드 | C5: QC1
B6: 도장구분 | C6: 고휘도 메탈도장 | H6: 도착효율 | I6: 0.23484428
B7: 도장특성 | C7: C | G7: 엠보무 | H7: 불량율 | I7: =3% -> 0.03
B8: 공정명 | C8: 재료명 | D8: 제품명 | E8: 단위 | F8: 단가 (\) | G8: SVR | H8: 도막두께 (㎛) | I8: 이론도포율 (㎡/ℓ) | J8: 재료비 (\/d㎡)
B9: 전처리 | C9: IPA | E9: ℓ | F9: 4912 | J9: =ROUNDDOWN(F9*540/10535563,2) -> 0.25
C10: TACK RAG (끈적천) | D10: 무광 미적용 | E10: 枚 | F10: 620 | J10: 0.20583998
C11: 소 계 | J11: =SUM(J9:J10) -> 0.45583998
B12: 도장 | C12: PRIMER | D12: SPZ#4900(TX-F) | E12: ℓ | F12: 31006 | G12: =(33.2+40.8)/2 -> 37 | H12: 18 | I12: =IF(F12=0,0,(G12*10)/H12) -> 20.555556 | J12: =IF(F12=0,0,ROUNDDOWN(F12/(I12*I6)/100,2)) -> 64.22
C13: 희석제 | D13: A/T#570(TX-F) | E13: ℓ | F13: 3780 | H13: 희석비율 = | I13: 1.2827234 | J13: =IF(F13=0,0,ROUNDDOWN(F13/(I12*I6)/100*I13,2)) -> 10.04
C14: BASE | D14: RESOTHANE-HT#800 | E14: ℓ | F14: 68314 | G14: =(17.2+25.7)/2 -> 21.45 | H14: 31 | I14: =IF(F14=0,0,(G14*10)/H14) -> 6.9193548 | J14: =ROUNDDOWN(F14/(I14*I6)/100,2) -> 420.4
C15: 희석제 | D15: A/T#800(TX-F) | E15: ℓ | F15: 5514 | H15: 희석비율 = | I15: 1.2855252 | J15: =ROUNDDOWN(F15/(I14*I6)/100*I15,2) -> 43.62
C16: CLEAR | E16: ℓ | F16: 0 | I16: =IF(F16=0,0,G16/H16*10) -> 0 | J16: =IF(F16=0,0,ROUNDDOWN(F16/(I16*I6)/100,2)) -> 0
C17: 희석제 | E17: ℓ | F17: 0 | H17: 희석비율 = | J17: =IF(F17=0,0,ROUNDDOWN(F17/(I16*I6)/100*I17,2)) -> 0
C18: 소 계 | J18: =SUM(J12:J17) -> 538.28
B19: 폐수처리비 (PL BPR도장 동일) | E19: d㎡ | J19: 2.2126575
B20: 건조연료비 (PL BPR도장 동일) | E20: d㎡ | J20: 6.8918987
I21: 도장재료비 (\/d㎡) | J21: =ROUNDDOWN((J11+J18+J19+J20)*(1+I7),2) -> 564.27
I23: PRIMER | J23: =(J12+J13)*(1+I7) -> 76.4878
I24: BASE | J24: =J21-J23 -> 487.7822

Sheet 1-2. 도장가공비
A1: ▣도장가공비 산출식
A3: ▣ 임율기준 : | C3: 36258 | E3: ▣ CVT기준 : | G3: 3 | I3: 노무비 | J3: 경비 | K3: 가공비 | L3: 일반 관리비 | M3: 이윤 | N3: 공정 총원가
I4: =ROUNDDOWN(I10/$G$3,2) -> 1352.49 | J4: =ROUNDDOWN(J10/$G$3,2) -> 122.55 | K4: =SUM(I4:J4) -> 1475.04 | L4: =ROUNDDOWN(K4*0.25,2) -> 368.76 | M4: =ROUNDDOWN((K4+L4)*0.15,2) -> 276.57 | N4: =SUM(K4:M4) -> 2120.37
A6: ▣ 1TONE PITCH 당 가공비(BASE)
A7: 구분 | C7: 라인스피드 | D7: PITCH | E7: C/TIME | F7: 인원 | G7: 임율 | H7: 경비 | I7: 노무비 | J7: 경비 | K7: 가공비 | L7: 일반관리비 /이윤 | M7: 불량률 | N7: 계 | O7: 합계 (/1+2%) | Q7: 전력단가 | R7: 249
A8: A TYPE | C8: 3.4698199 | D8: 1.9616823 | E8: 69 | F8: 16 | G8: =$C$3 -> 36258 | H8: =H25 -> 59141 | I8: =((E8*1.1/1*((F8*G8/3600)))) -> 12231.032 | J8: =(E8*1.1/1)*(H8*1.6)/3600 -> 1995.0231 | K8: =J8+I8 -> 14226.055 | L8: =K8*1.25*1.15-K8 -> 6223.8991 | M8: 0.011801323 | N8: =K8*(1+M8)+L8 -> 20617.84 | O8: =N8/1.02 -> 20213.569 | Q8: 건축비 | R8: 1008102
A9: B TYPE | C9: 1.3687519 | D9: 0.35573171 | E9: 18.182618 | F9: 17 | G9: =G8 -> 36258 | H9: =H26 -> 18372 | I9: =((E9*1.1/1*((F9*G9/3600)))) -> 3424.5172 | J9: =(E9*1.1/1)*(H9*1.6)/3600 -> 163.31385 | K9: =J9+I9 -> 3587.8311 | L9: =K9*1.25*1.15-K9 -> 1569.6761 | M9: 0.029477644 | N9: =K9*(1+M9)+L9 -> 5263.268 | O9: =N9/1.02 -> 5160.0667 | Q9: 용적률 | R9: 4.0661232
A10: C TYPE | C10: 1.24196 | D10: 0.6402092 | E10: 30.519744 | F10: 12 | G10: =G9 -> 36258 | H10: =H27 -> 24641 | I10: =((E10*1.1/1*((F10*G10/3600)))) -> 4057.4779 | J10: =(E10*1.1/1)*(H10*1.6)/3600 -> 367.66254 | K10: =J10+I10 -> 4425.1405 | L10: =K10*1.25*1.15-K10 -> 1935.999 | M10: 0.028416673 | N10: =K10*(1+M10)+L10 -> 6486.8872 | O10: =N10/1.02 -> 6359.6933 | Q10: 건물년수 | R10: 41
A11: D TYPE | C11: 4 | D11: 1.6113849 | E11: 68 | F11: 21 | G11: =G10 -> 36258 | H11: =H28 -> 32419 | I11: =((E11*1.1/1*((F11*G11/3600)))) -> 15820.574 | J11: =(E11*1.1/1)*(H11*1.6)/3600 -> 1077.7516 | K11: =J11+I11 -> 16898.326 | L11: =K11*1.25*1.15-K11 -> 7393.0175 | M11: 0.010422694 | N11: =K11*(1+M11)+L11 -> 24467.469 | O11: =N11/1.02 -> 23987.715 | Q11: 설비년수 | R11: 15
A12: E TYPE | C12: 2 | D12: 2 | E12: 162 | F12: 14 | G12: =G11 -> 36258 | H12: =H29 -> 41869 | I12: =((E12*1.1/1*((F12*G12/3600)))) -> 25126.794 | J12: =(E12*1.1/1)*(H12*1.6)/3600 -> 3316.0248 | K12: =J12+I12 -> 28442.819 | L12: =K12*1.25*1.15-K12 -> 12443.733 | M12: 0.040669975 | N12: =K12*(1+M12)+L12 -> 42043.321 | O12: =N12/1.02 -> 41218.942 | Q12: 간접비율 | R12: 0.57969033
A13: F TYPE | C13: 0.41467421 | D13: 0.49027535 | E13: 143 | F13: 17 | G13: =G12 -> 36258 | H13: =H30 -> 26961 | I13: =((E13*1.1/1*((F13*G13/3600)))) -> 26932.644 | J13: =(E13*1.1/1)*(H13*1.6)/3600 -> 1884.8735 | K13: =J13+I13 -> 28817.517 | L13: =K13*1.25*1.15-K13 -> 12607.664 | M13: 0.02888321 | N13: =K13*(1+M13)+L13 -> 42257.524 | O13: =N13/1.02 -> 41428.945 | Q13: 수선비율 | R13: 0.14136347
Q14: 년가동일 | R14: 772
A15: ▣ 1TONE PITCH 당 가공비(PRIMER+BASE) | Q15: 일가동시간 | R15: 43
A16: 구분 | C16: 라인스피드 | D16: PITCH | E16: C/TIME | F16: 인원 | G16: 임율 | H16: 경비 | I16: 노무비 | J16: 경비 | K16: 가공비 | L16: 일반관리비 /이윤 | M16: 불량률 | N16: 계 | O16: 합계 (/1+2%)
A17: A TYPE | C17: 3.6460652 | D17: 1.8828515 | E17: 35 | F17: 13 | G17: =$C$3 -> 36258 | H17: =H25 -> 59141 | I17: =((E17*1.1/1*((F17*G17/3600)))) -> 5040.8692 | J17: =(E17*1.1/1)*(H17*1.6)/3600 -> 1011.9682 | K17: =J17+I17 -> 6052.8374 | L17: =K17*1.25*1.15-K17 -> 2648.1164 | M17: 0.0091342387 | N17: =K17*(1+M17)+L17 -> 8756.2418 | O17: =N17/1.02 -> 8584.5508
A18: B TYPE | C18: 1.098232 | D18: 0.34441597 | E18: 17.037584 | F18: 16 | G18: =G17 -> 36258 | H18: =H26 -> 18372 | I18: =((E18*1.1/1*((F18*G18/3600)))) -> 3020.1049 | J18: =(E18*1.1/1)*(H18*1.6)/3600 -> 153.02931 | K18: =J18+I18 -> 3173.1342 | L18: =K18*1.25*1.15-K18 -> 1388.2462 | M18: 0.030701338 | N18: =K18*(1+M18)+L18 -> 4658.7998 | O18: =N18/1.02 -> 4567.4508
A19: C TYPE | C19: 1.5128676 | D19: 0.49030745 | E19: 25.404666 | F19: 10 | G19: =G18 -> 36258 | H19: =H27 -> 24641 | I19: =((E19*1.1/1*((F19*G19/3600)))) -> 2814.5406 | J19: =(E19*1.1/1)*(H19*1.6)/3600 -> 306.04268 | K19: =J19+I19 -> 3120.5833 | L19: =K19*1.25*1.15-K19 -> 1365.2552 | M19: 0.027742046 | N19: =K19*(1+M19)+L19 -> 4572.4099 | O19: =N19/1.02 -> 4482.7548
A20: D TYPE | C20: 6 | D20: 1.3595543 | E20: 59 | F20: 18 | G20: =G19 -> 36258 | H20: =H28 -> 32419 | I20: =((E20*1.1/1*((F20*G20/3600)))) -> 11765.721 | J20: =(E20*1.1/1)*(H20*1.6)/3600 -> 935.10804 | K20: =J20+I20 -> 12700.829 | L20: =K20*1.25*1.15-K20 -> 5556.6127 | M20: 0.011637193 | N20: =K20*(1+M20)+L20 -> 18405.244 | O20: =N20/1.02 -> 18044.357
A21: E TYPE | C21: 2 | D21: 2 | E21: 111 | F21: 32 | G21: =G20 -> 36258 | H21: =H29 -> 41869 | I21: =((E21*1.1/1*((F21*G21/3600)))) -> 39352.016 | J21: =(E21*1.1/1)*(H21*1.6)/3600 -> 2272.0911 | K21: =J21+I21 -> 41624.107 | L21: =K21*1.25*1.15-K21 -> 18210.547 | M21: 0.034607073 | N21: =K21*(1+M21)+L21 -> 61275.142 | O21: =N21/1.02 -> 60073.669
A22: F TYPE | C22: 0.41192337 | D22: 0.44866214 | E22: 151 | F22: 29 | G22: =G21 -> 36258 | H22: =H30 -> 26961 | I22: =((E22*1.1/1*((F22*G22/3600)))) -> 48514.211 | J22: =(E22*1.1/1)*(H22*1.6)/3600 -> 1990.3209 | K22: =J22+I22 -> 50504.532 | L22: =K22*1.25*1.15-K22 -> 22095.733 | M22: 0.028144021 | N22: =K22*(1+M22)+L22 -> 74021.666 | O22: =N22/1.02 -> 72570.26
A24: 제품특성 | C24: 소비율 | D24: 전력용량 | E24: 설치면적 | F24: 기계가액 | H24: 직접경비 | J24: 전력비 | K24: 건물상각비 | L24: 기계상각비 | M24: 수선비
A25: A TYPE | C25: 0.49390233 | D25: 392 | E25: 453.41463 | F25: 4089588 | H25: =ROUNDDOWN((D25*C25*$R$7+E25*$R$9*$R$8/$R$14/$R$10/$R$15+F25*1000/$R$11/$R$14/$R$15+(E25*$R$9*$R$8/$R$14/$R$10/$R$15+F25*1000/$R$11/$R$14/$R$15)*$R$13),0) -> 59141 | J25: =D25*46/100*$R$7 -> 44899.68 | K25: =E25*$R$9*$R$8/$R$10/$R$14/$R$15 -> 1365.5604 | L25: =F25*1000/($R$11*$R$14*$R$15) -> 8213.0136 | M25: =(K25+L25)*$R$13 -> 1354.0604
A26: B TYPE | C26: 0.45696185 | D26: 138.92115 | E26: 94.092083 | F26: 978325 | H26: =ROUNDDOWN((D26*C26*$R$7+E26*$R$9*$R$8/$R$14/$R$10/$R$15+F26*1000/$R$11/$R$14/$R$15+(E26*$R$9*$R$8/$R$14/$R$10/$R$15+F26*1000/$R$11/$R$14/$R$15)*$R$13),0) -> 18372 | J26: =D26*46/100*$R$7 -> 15912.028 | K26: =E26*$R$9*$R$8/$R$10/$R$14/$R$15 -> 283.37953 | L26: =F26*1000/($R$11*$R$14*$R$15) -> 1964.7447 | M26: =(K26+L26)*$R$13 -> 317.80264
A27: C TYPE | C27: 0.54193162 | D27: 167.05789 | E27: 72.555278 | F27: 806840 | H27: =ROUNDDOWN((D27*C27*$R$7+E27*$R$9*$R$8/$R$14/$R$10/$R$15+F27*1000/$R$11/$R$14/$R$15+(E27*$R$9*$R$8/$R$14/$R$10/$R$15+F27*1000/$R$11/$R$14/$R$15)*$R$13),0) -> 24641 | J27: =D27*46/100*$R$7 -> 19134.811 | K27: =E27*$R$9*$R$8/$R$10/$R$14/$R$15 -> 218.51659 | L27: =F27*1000/($R$11*$R$14*$R$15) -> 1620.3559 | M27: =(K27+L27)*$R$13 -> 259.94939
A28: D TYPE | C28: 0.54550646 | D28: 215 | E28: 436 | F28: 749135 | H28: =ROUNDDOWN((D28*C28*$R$7+E28*$R$9*$R$8/$R$14/$R$10/$R$15+F28*1000/$R$11/$R$14/$R$15+(E28*$R$9*$R$8/$R$14/$R$10/$R$15+F28*1000/$R$11/$R$14/$R$15)*$R$13),0) -> 32419 | J28: =D28*46/100*$R$7 -> 24626.1 | K28: =E28*$R$9*$R$8/$R$10/$R$14/$R$15 -> 1313.1123 | L28: =F28*1000/($R$11*$R$14*$R$15) -> 1504.4684 | M28: =(K28+L28)*$R$13 -> 398.30298
A29: E TYPE | C29: 0.42196714 | D29: 329 | E29: 1307 | F29: 1225423 | H29: =ROUNDDOWN((D29*C29*$R$7+E29*$R$9*$R$8/$R$14/$R$10/$R$15+F29*1000/$R$11/$R$14/$R$15+(E29*$R$9*$R$8/$R$14/$R$10/$R$15+F29*1000/$R$11/$R$14/$R$15)*$R$13),0) -> 41869 | J29: =D29*46/100*$R$7 -> 37683.66 | K29: =E29*$R$9*$R$8/$R$10/$R$14/$R$15 -> 3936.3253 | L29: =F29*1000/($R$11*$R$14*$R$15) -> 2460.9853 | M29: =(K29+L29)*$R$13 -> 904.346
A30: F TYPE | C30: 0.37805535 | D30: 276 | E30: 33.796263 | F30: 376756 | H30: =ROUNDDOWN((D30*C30*$R$7+E30*$R$9*$R$8/$R$14/$R$10/$R$15+F30*1000/$R$11/$R$14/$R$15+(E30*$R$9*$R$8/$R$14/$R$10/$R$15+F30*1000/$R$11/$R$14/$R$15)*$R$13),0) -> 26961 | J30: =D30*46/100*$R$7 -> 31613.04 | K30: =E30*$R$9*$R$8/$R$10/$R$14/$R$15 -> 101.78507 | L30: =F30*1000/($R$11*$R$14*$R$15) -> 756.62931 | M30: =(K30+L30)*$R$13 -> 121.34843

Sheet 1-3. 도면

Sheet 1-4 PAD
A1: 일반 PAD 부품계산서
A4: 기 | B4: 차종 | C4: 년생산댓수 | D4: 총수량 | E4: 작성자 | F4: 김민석 | G4: 계산근거 | H4: HMK-P-G-TR-03 일반PAD 원가계산 표준 | K4: 임율기준 | L4: 임률 | M4: 간접비율 | N4: 일반관리비율 | O4: 전력단가 | P4: 건축비 | Q4: 부대설비비율 | R4: 기계내용년수 | S4: 건물상각년수 | T4: 년간가동일수 | U4: 일일가동시간 | V4: 수선비율 | W4: 경영비율 | Y4: ↓ 입력
A5: 준 | B5: qq5 | C5: 396548 | D5: =+C5*5 -> 1982740 | E5: 작성일 | F5: 2019.08.09 | G5: 개 정 일 | H5: 2018.12.10(18차개정) | K5: '21년도 | L5: {=INDEX($AK$80:$AL$89,MATCH($K$5,$AK$80:$AK$89,0),2)} -> 21600 | M5: 0.71071277 | N5: 0.26470793 | O5: =118 -> 118 | P5: 723710 | Q5: 2.903751 | R5: 18 | S5: 85 | T5: 656 | U5: 43 | V5: 0.12729054 | W5: 0.88722982
A7: 1]부품Spec | L7: ※재질단가는 최신기준 확인후 수정사용 | Z7: 재료비
A8: S/N | B8: 부번 | C8: 품명 | D8: U/S | E8: 제품Size(mm) | I8: 적용공정 | J8: 년간수량 (부품) | K8: 제품Net | L8: 스폰지 | P8: 테이핑 | T8: 기타 | V8: 설계원가 | W8: 공정 (두께기준 산출) | X8: Loss율 | Z8: Cavity | AB8: Sheet규격(mm) | AD8: LOT수량 | AE8: 면적(㎠) | AH8: Cavity | AK8: Sheet규격 | AM8: 여유규격 | AO8: Cavity1 | AR8: Cavity2 | AU8: 결정 Cavity
E9: 가로(장변) | F9: 세로(단변) | G9: 두께(T) | H9: 형태 | K9: 면적(㎠) | L9: 사양 | M9: 세부재질(선택) | N9: 스폰지단가 | O9: 비중 | P9: 테이프사양 | Q9: 테이핑구분 | R9: 후테이핑횟수 | S9: 테이프단가 | T9: 트리밍횟수 | U9: V/CUT길이(㎝) | X9: Pad | Y9: Tape | Z9: 가로 | AA9: 세로 | AB9: 가로 | AC9: 세로 | AD9: 기준 | AE9: 제품면적 | AF9: 투입면적 | AG9: Scrap면적 | AH9: 형상컷팅 | AI9: 테이핑 | AJ9: 재단 | AK9: 가로 ⓐ | AL9: 세로 ⓑ | AM9: Sheet ⓒ | AN9: 제품간 ⓓ | AO9: 가로 | AP9: 세로 | AR9: 가로 | AS9: 세로
A10: 1 | B10: 84520-98020 | C10: PAD ANTINOSE NO.3 | D10: 12 | E10: 24 | F10: 23 | G10: 0.54616672 | H10: 직형 | I10: =IF(AND($W10="오토컷팅",E10<=290),"오토컷팅",IF(AND(OR(W10="오토컷팅",$W10="파워프레스"),E10<=600),"파워프레스","롤컷팅")) -> 오토컷팅 | J10: =$C$5*D10 -> 4758576 | K10: =E10*F10/100 -> 5.52 | L10: =IF($M10="","",INDEX($Z$109:$AC$162,MATCH($M10,$Z$109:$Z$162,0),4)) -> 일반 FOAM | M10: 흑색부직포(100g/㎡) | N10: =IF($M10="",0,INDEX($Z$109:$AC$162,MATCH($M10,$Z$109:$Z$162,0),3)) -> 682 | O10: =IF($M10="",0,INDEX($Z$109:$AB$162,MATCH($M10,$Z$109:$Z$162,0),2)) -> 0.1 | P10: P-300 | Q10: =IF($E10=0,"",IF(OR($P10="",$P10="무점착",$P10="단면TAPE P-100",$P10="H-100"),"미적용",IF(OR($I10="오토컷팅",$I10="파워프레스"),"ROLL","SHEET"))) -> ROLL | S10: =IF($P10="",0,INDEX($Z$167:$AA$212,MATCH($P10,$Z$167:$Z$212,0),2)) -> 2693 | V10: =IF($E10=0,0,ROUND(SUM($P45:$S45),1)) -> 23.7 | W10: =IF($E10=0,"",IF(AND($E10>=601,$H10="직형"),"롤컷팅",INDEX($Y$95:$AD$101,MATCH($L10,$Y$95:$Y$101,0),MATCH($G10,$Y$94:$AD$94,-1)))) -> 오토컷팅 | X10: =IF($E10=0,0,1%) -> 0.01 | Y10: =IF($E10=0,0,IF(OR($P10="단면TAPE P-100",$P10="양면TAPE P-200",$P10="SEAT BACK/CUSION 용",$P10="P-300",$P10="P-400",$P10="H-100"),$X10,5%)) -> 0.01 | Z10: =IF($AQ10>$AT10,$AO10,$AS10) -> 1 | AA10: =IF($AQ10>$AT10,$AP10,$AR10) -> 11 | AB10: =(E10*Z10)+(AM10*2)+(AN10*(Z10-1)) -> 44 | AC10: =(F10*AA10)+(AM10*2)+(AN10*(AA10-1)) -> 273 | AD10: =IF($E10=0,0,INDEX($AI$80:$AJ$109,MATCH($J10,$AI$80:$AI$109,-1),2)) -> 12000 | AE10: =IF($E10=0,0,($AB10/$Z10*$AC10/$AA10)/100) -> 10.92 | AF10: =$AE10 -> 10.92 | AG10: =$AE10-$K10 -> 5.4 | AH10: =IF($I10=$AM$81,$Z10*$AA10,IF($I10=$AM$82,$Z10*$AA10*INT(50/G10),IF(AND($I10=$AM$84,$G10<=50),$Z10*$AA10*INT(50/$G10),IF(AND($I10=$AM$84,$G10>50),$Z10*$AA10,0)))) -> 11 | AI10: =IF($E10=0,0,INT($AP$85/($AE10))) -> 641 | AJ10: =IF($I10="오토컷팅",INT($AP$86/$AF10),IF($I10="파워프레스",INT($AP$87/$AF10),IF($I10="롤컷팅",INT($AP$88/$AF10),0))) -> 457 | AK10: =VLOOKUP($I10,$AM$81:$AO$84,2,0) -> 150 | AL10: =VLOOKUP($I10,$AM$81:$AO$84,3,0) -> 290 | AM10: =IF(AND($I10="오토컷팅",$E10>=280),0,IF(AND($I10="파워프레스",$E10>=590),0,10)) -> 10 | AN10: =IF($H10="직형",0,5) -> 0 | AO10: 1 | AP10: =INT(($AL10-$AM10*2+$AN10)/($F10+$AN10)) -> 11 | AQ10: =$AO10*$AP10 -> 11 | AR10: =INT(($AK10-$AM10*2+$AN10)/($F10+$AN10)) -> 5 | AS10: 1 | AT10: =$AR10*$AS10 -> 5 | AU10: =MAX($AQ10,$AT10) -> 11
A11: 2 | B11: 55596-P1020 | C11: PAD ANTINOSE NO.5 | D11: 2 | E11: 51 | F11: 22 | G11: 0.59008269 | H11: 직형 | I11: =IF(AND($W11="오토컷팅",E11<=290),"오토컷팅",IF(AND(OR(W11="오토컷팅",$W11="파워프레스"),E11<=600),"파워프레스","롤컷팅")) -> 오토컷팅 | J11: =$C$5*D11 -> 793096 | K11: =E11*F11/100 -> 11.22 | L11: =IF($M11="","",INDEX($Z$109:$AC$162,MATCH($M11,$Z$109:$Z$162,0),4)) -> 일반 FOAM | M11: 흑색부직포(100g/㎡) | N11: =IF($M11="",0,INDEX($Z$109:$AC$162,MATCH($M11,$Z$109:$Z$162,0),3)) -> 682 | O11: =IF($M11="",0,INDEX($Z$109:$AB$162,MATCH($M11,$Z$109:$Z$162,0),2)) -> 0.1 | P11: P-300 | Q11: =IF($E11=0,"",IF(OR($P11="",$P11="무점착",$P11="단면TAPE P-100",$P11="H-100"),"미적용",IF(OR($I11="오토컷팅",$I11="파워프레스"),"ROLL","SHEET"))) -> ROLL | S11: =IF($P11="",0,INDEX($Z$167:$AA$212,MATCH($P11,$Z$167:$Z$212,0),2)) -> 2693 | V11: =IF($E11=0,0,ROUND(SUM($P46:$S46),1)) -> 24.4 | W11: =IF($E11=0,"",IF(AND($E11>=601,$H11="직형"),"롤컷팅",INDEX($Y$95:$AD$101,MATCH($L11,$Y$95:$Y$101,0),MATCH($G11,$Y$94:$AD$94,-1)))) -> 오토컷팅 | X11: =IF($E11=0,0,1%) -> 0.01 | Y11: =IF($E11=0,0,IF(OR($P11="단면TAPE P-100",$P11="양면TAPE P-200",$P11="SEAT BACK/CUSION 용",$P11="P-300",$P11="P-400",$P11="H-100"),$X11,5%)) -> 0.01 | Z11: =IF($AQ11>$AT11,$AO11,$AS11) -> 5 | AA11: =IF($AQ11>$AT11,$AP11,$AR11) -> 5 | AB11: =(E11*Z11)+(AM11*2)+(AN11*(Z11-1)) -> 275 | AC11: =(F11*AA11)+(AM11*2)+(AN11*(AA11-1)) -> 130 | AD11: =IF($E11=0,0,INDEX($AI$80:$AJ$109,MATCH($J11,$AI$80:$AI$109,-1),2)) -> 8000 | AE11: =IF($E11=0,0,($AB11/$Z11*$AC11/$AA11)/100) -> 14.3 | AF11: =$AE11 -> 14.3 | AG11: =$AE11-$K11 -> 3.08 | AH11: =IF($I11=$AM$81,$Z11*$AA11,IF($I11=$AM$82,$Z11*$AA11*INT(50/G11),IF(AND($I11=$AM$84,$G11<=50),$Z11*$AA11*INT(50/$G11),IF(AND($I11=$AM$84,$G11>50),$Z11*$AA11,0)))) -> 25 | AI11: =IF($E11=0,0,INT($AP$85/($AE11))) -> 489 | AJ11: =IF($I11="오토컷팅",INT($AP$86/$AF11),IF($I11="파워프레스",INT($AP$87/$AF11),IF($I11="롤컷팅",INT($AP$88/$AF11),0))) -> 349 | AK11: =VLOOKUP($I11,$AM$81:$AO$84,2,0) -> 150 | AL11: =VLOOKUP($I11,$AM$81:$AO$84,3,0) -> 290 | AM11: =IF(AND($I11="오토컷팅",$E11>=280),0,IF(AND($I11="파워프레스",$E11>=590),0,10)) -> 10 | AN11: =IF($H11="직형",0,5) -> 0 | AO11: =INT(($AK11-$AM11*2+$AN11)/($E11+$AN11)) -> 2 | AP11: =INT(($AL11-$AM11*2+$AN11)/($F11+$AN11)) -> 12 | AQ11: =$AO11*$AP11 -> 24 | AR11: =INT(($AK11-$AM11*2+$AN11)/($F11+$AN11)) -> 5 | AS11: =INT(($AL11-$AM11*2+$AN11)/($E11+$AN11)) -> 5 | AT11: =$AR11*$AS11 -> 25 | AU11: =MAX($AQ11,$AT11) -> 25
A12: 7 | B12: 55591-P1010 | C12: PAD ANTINOSE NO.7 | D12: 2 | E12: 34 | F12: 22 | G12: 0.5850901 | H12: 직형 | I12: =IF(AND($W12="오토컷팅",E12<=290),"오토컷팅",IF(AND(OR(W12="오토컷팅",$W12="파워프레스"),E12<=600),"파워프레스","롤컷팅")) -> 오토컷팅 | J12: =$C$5*D12 -> 793096 | K12: =E12*F12/100 -> 7.48 | L12: =IF($M12="","",INDEX($Z$109:$AC$162,MATCH($M12,$Z$109:$Z$162,0),4)) -> 일반 FOAM | M12: 흑색부직포(100g/㎡) | N12: =IF($M12="",0,INDEX($Z$109:$AC$162,MATCH($M12,$Z$109:$Z$162,0),3)) -> 682 | O12: =IF($M12="",0,INDEX($Z$109:$AB$162,MATCH($M12,$Z$109:$Z$162,0),2)) -> 0.1 | P12: P-300 | Q12: =IF($E12=0,"",IF(OR($P12="",$P12="무점착",$P12="단면TAPE P-100",$P12="H-100"),"미적용",IF(OR($I12="오토컷팅",$I12="파워프레스"),"ROLL","SHEET"))) -> ROLL | S12: =IF($P12="",0,INDEX($Z$167:$AA$212,MATCH($P12,$Z$167:$Z$212,0),2)) -> 2693 | V12: =IF($E12=0,0,ROUND(SUM($P47:$S47),1)) -> 17.5 | W12: =IF($E12=0,"",IF(AND($E12>=601,$H12="직형"),"롤컷팅",INDEX($Y$95:$AD$101,MATCH($L12,$Y$95:$Y$101,0),MATCH($G12,$Y$94:$AD$94,-1)))) -> 오토컷팅 | X12: =IF($E12=0,0,1%) -> 0.01 | Y12: =IF($E12=0,0,IF(OR($P12="단면TAPE P-100",$P12="양면TAPE P-200",$P12="SEAT BACK/CUSION 용",$P12="P-300",$P12="P-400",$P12="H-100"),$X12,5%)) -> 0.01 | Z12: =IF($AQ12>$AT12,$AO12,$AS12) -> 3 | AA12: =IF($AQ12>$AT12,$AP12,$AR12) -> 12 | AB12: =(E12*Z12)+(AM12*2)+(AN12*(Z12-1)) -> 122 | AC12: =(F12*AA12)+(AM12*2)+(AN12*(AA12-1)) -> 284 | AD12: =IF($E12=0,0,INDEX($AI$80:$AJ$109,MATCH($J12,$AI$80:$AI$109,-1),2)) -> 8000 | AE12: =IF($E12=0,0,($AB12/$Z12*$AC12/$AA12)/100) -> 9.6244444 | AF12: =$AE12 -> 9.6244444 | AG12: =$AE12-$K12 -> 2.1444444 | AH12: =IF($I12=$AM$81,$Z12*$AA12,IF($I12=$AM$82,$Z12*$AA12*INT(50/G12),IF(AND($I12=$AM$84,$G12<=50),$Z12*$AA12*INT(50/$G12),IF(AND($I12=$AM$84,$G12>50),$Z12*$AA12,0)))) -> 36 | AI12: =IF($E12=0,0,INT($AP$85/($AE12))) -> 727 | AJ12: =IF($I12="오토컷팅",INT($AP$86/$AF12),IF($I12="파워프레스",INT($AP$87/$AF12),IF($I12="롤컷팅",INT($AP$88/$AF12),0))) -> 519 | AK12: =VLOOKUP($I12,$AM$81:$AO$84,2,0) -> 150 | AL12: =VLOOKUP($I12,$AM$81:$AO$84,3,0) -> 290 | AM12: =IF(AND($I12="오토컷팅",$E12>=280),0,IF(AND($I12="파워프레스",$E12>=590),0,10)) -> 10 | AN12: =IF($H12="직형",0,5) -> 0 | AO12: =INT(($AK12-$AM12*2+$AN12)/($E12+$AN12)) -> 3 | AP12: =INT(($AL12-$AM12*2+$AN12)/($F12+$AN12)) -> 12 | AQ12: =$AO12*$AP12 -> 36 | AR12: =INT(($AK12-$AM12*2+$AN12)/($F12+$AN12)) -> 5 | AS12: =INT(($AL12-$AM12*2+$AN12)/($E12+$AN12)) -> 7 | AT12: =$AR12*$AS12 -> 35 | AU12: =MAX($AQ12,$AT12) -> 36
A13: 4 | I13: =IF(AND($W13="오토컷팅",E13<=290),"오토컷팅",IF(AND(OR(W13="오토컷팅",$W13="파워프레스"),E13<=600),"파워프레스","롤컷팅")) -> 롤컷팅 | J13: =$C$5*D13 -> 0 | K13: =E13*F13/100 -> 0 | L13: =IF($M13="","",INDEX($Z$109:$AC$162,MATCH($M13,$Z$109:$Z$162,0),4)) | N13: =IF($M13="",0,INDEX($Z$109:$AC$162,MATCH($M13,$Z$109:$Z$162,0),3)) -> 0 | O13: =IF($M13="",0,INDEX($Z$109:$AB$162,MATCH($M13,$Z$109:$Z$162,0),2)) -> 0 | Q13: =IF($E13=0,"",IF(OR($P13="",$P13="무점착",$P13="단면TAPE P-100",$P13="H-100"),"미적용",IF(OR($I13="오토컷팅",$I13="파워프레스"),"ROLL","SHEET"))) | S13: =IF($P13="",0,INDEX($Z$167:$AA$212,MATCH($P13,$Z$167:$Z$212,0),2)) -> 0 | V13: =IF($E13=0,0,ROUND(SUM($P48:$S48),1)) -> 0 | W13: =IF($E13=0,"",IF(AND($E13>=601,$H13="직형"),"롤컷팅",INDEX($Y$95:$AD$101,MATCH($L13,$Y$95:$Y$101,0),MATCH($G13,$Y$94:$AD$94,-1)))) | X13: =IF($E13=0,0,1%) -> 0 | Y13: =IF($E13=0,0,IF(OR($P13="단면TAPE P-100",$P13="양면TAPE P-200",$P13="SEAT BACK/CUSION 용",$P13="P-300",$P13="P-400",$P13="H-100"),$X13,5%)) -> 0 | Z13: =IF($AQ13>$AT13,$AO13,$AS13) -> 137 | AA13: =IF($AQ13>$AT13,$AP13,$AR13) -> 117 | AB13: =(E13*Z13)+(AM13*2)+(AN13*(Z13-1)) -> 700 | AC13: =(F13*AA13)+(AM13*2)+(AN13*(AA13-1)) -> 600 | AD13: =IF($E13=0,0,INDEX($AI$80:$AJ$109,MATCH($J13,$AI$80:$AI$109,-1),2)) -> 0 | AE13: =IF($E13=0,0,($AB13/$Z13*$AC13/$AA13)/100) -> 0 | AF13: =$AE13 -> 0 | AG13: =$AE13-$K13 -> 0 | AH13: =IF($I13=$AM$81,$Z13*$AA13,IF($I13=$AM$82,$Z13*$AA13*INT(50/G13),IF(AND($I13=$AM$84,$G13<=50),$Z13*$AA13*INT(50/$G13),IF(AND($I13=$AM$84,$G13>50),$Z13*$AA13,0)))) -> #DIV/0! | AI13: =IF($E13=0,0,INT($AP$85/($AE13))) -> 0 | AJ13: =IF($I13="오토컷팅",INT($AP$86/$AF13),IF($I13="파워프레스",INT($AP$87/$AF13),IF($I13="롤컷팅",INT($AP$88/$AF13),0))) -> #DIV/0! | AK13: =VLOOKUP($I13,$AM$81:$AO$84,2,0) -> 600 | AL13: =VLOOKUP($I13,$AM$81:$AO$84,3,0) -> 700 | AM13: =IF(AND($I13="오토컷팅",$E13>=280),0,IF(AND($I13="파워프레스",$E13>=590),0,10)) -> 10 | AN13: =IF($H13="직형",0,5) -> 5 | AO13: =INT(($AK13-$AM13*2+$AN13)/($E13+$AN13)) -> 117 | AP13: =INT(($AL13-$AM13*2+$AN13)/($F13+$AN13)) -> 137 | AQ13: =$AO13*$AP13 -> 16029 | AR13: =INT(($AK13-$AM13*2+$AN13)/($F13+$AN13)) -> 117 | AS13: =INT(($AL13-$AM13*2+$AN13)/($E13+$AN13)) -> 137 | AT13: =$AR13*$AS13 -> 16029 | AU13: =MAX($AQ13,$AT13) -> 16029
A14: 7 | I14: =IF(AND($W14="오토컷팅",E14<=290),"오토컷팅",IF(AND(OR(W14="오토컷팅",$W14="파워프레스"),E14<=600),"파워프레스","롤컷팅")) -> 롤컷팅 | J14: =$C$5*D14 -> 0 | K14: =E14*F14/100 -> 0 | L14: =IF($M14="","",INDEX($Z$109:$AC$162,MATCH($M14,$Z$109:$Z$162,0),4)) | N14: =IF($M14="",0,INDEX($Z$109:$AC$162,MATCH($M14,$Z$109:$Z$162,0),3)) -> 0 | O14: =IF($M14="",0,INDEX($Z$109:$AB$162,MATCH($M14,$Z$109:$Z$162,0),2)) -> 0 | Q14: =IF($E14=0,"",IF(OR($P14="",$P14="무점착",$P14="단면TAPE P-100",$P14="H-100"),"미적용",IF(OR($I14="오토컷팅",$I14="파워프레스"),"ROLL","SHEET"))) | S14: =IF($P14="",0,INDEX($Z$167:$AA$212,MATCH($P14,$Z$167:$Z$212,0),2)) -> 0 | V14: =IF($E14=0,0,ROUND(SUM($P49:$S49),1)) -> 0 | W14: =IF($E14=0,"",IF(AND($E14>=601,$H14="직형"),"롤컷팅",INDEX($Y$95:$AD$101,MATCH($L14,$Y$95:$Y$101,0),MATCH($G14,$Y$94:$AD$94,-1)))) | X14: =IF($E14=0,0,1%) -> 0 | Y14: =IF($E14=0,0,IF(OR($P14="단면TAPE P-100",$P14="양면TAPE P-200",$P14="SEAT BACK/CUSION 용",$P14="P-300",$P14="P-400",$P14="H-100"),$X14,5%)) -> 0 | Z14: =IF($AQ14>$AT14,$AO14,$AS14) -> 137 | AA14: =IF($AQ14>$AT14,$AP14,$AR14) -> 117 | AB14: =(E14*Z14)+(AM14*2)+(AN14*(Z14-1)) -> 700 | AC14: =(F14*AA14)+(AM14*2)+(AN14*(AA14-1)) -> 600 | AD14: =IF($E14=0,0,INDEX($AI$80:$AJ$109,MATCH($J14,$AI$80:$AI$109,-1),2)) -> 0 | AE14: =IF($E14=0,0,($AB14/$Z14*$AC14/$AA14)/100) -> 0 | AF14: =$AE14 -> 0 | AG14: =$AE14-$K14 -> 0 | AH14: =IF($I14=$AM$81,$Z14*$AA14,IF($I14=$AM$82,$Z14*$AA14*INT(50/G14),IF(AND($I14=$AM$84,$G14<=50),$Z14*$AA14*INT(50/$G14),IF(AND($I14=$AM$84,$G14>50),$Z14*$AA14,0)))) -> #DIV/0! | AI14: =IF($E14=0,0,INT($AP$85/($AE14))) -> 0 | AJ14: =IF($I14="오토컷팅",INT($AP$86/$AF14),IF($I14="파워프레스",INT($AP$87/$AF14),IF($I14="롤컷팅",INT($AP$88/$AF14),0))) -> #DIV/0! | AK14: =VLOOKUP($I14,$AM$81:$AO$84,2,0) -> 600 | AL14: =VLOOKUP($I14,$AM$81:$AO$84,3,0) -> 700 | AM14: =IF(AND($I14="오토컷팅",$E14>=280),0,IF(AND($I14="파워프레스",$E14>=590),0,10)) -> 10 | AN14: =IF($H14="직형",0,5) -> 5 | AO14: =INT(($AK14-$AM14*2+$AN14)/($E14+$AN14)) -> 117 | AP14: =INT(($AL14-$AM14*2+$AN14)/($F14+$AN14)) -> 137 | AQ14: =$AO14*$AP14 -> 16029 | AR14: =INT(($AK14-$AM14*2+$AN14)/($F14+$AN14)) -> 117 | AS14: =INT(($AL14-$AM14*2+$AN14)/($E14+$AN14)) -> 137 | AT14: =$AR14*$AS14 -> 16029 | AU14: =MAX($AQ14,$AT14) -> 16029
A15: 14 | I15: =IF(AND($W15="오토컷팅",E15<=290),"오토컷팅",IF(AND(OR(W15="오토컷팅",$W15="파워프레스"),E15<=600),"파워프레스","롤컷팅")) -> 롤컷팅 | J15: =$C$5*D15 -> 0 | K15: =E15*F15/100 -> 0 | L15: =IF($M15="","",INDEX($Z$109:$AC$162,MATCH($M15,$Z$109:$Z$162,0),4)) | N15: =IF($M15="",0,INDEX($Z$109:$AC$162,MATCH($M15,$Z$109:$Z$162,0),3)) -> 0 | O15: =IF($M15="",0,INDEX($Z$109:$AB$162,MATCH($M15,$Z$109:$Z$162,0),2)) -> 0 | Q15: =IF($E15=0,"",IF(OR($P15="",$P15="무점착",$P15="단면TAPE P-100",$P15="H-100"),"미적용",IF(OR($I15="오토컷팅",$I15="파워프레스"),"ROLL","SHEET"))) | S15: =IF($P15="",0,INDEX($Z$167:$AA$212,MATCH($P15,$Z$167:$Z$212,0),2)) -> 0 | V15: =IF($E15=0,0,ROUND(SUM($P50:$S50),1)) -> 0 | W15: =IF($E15=0,"",IF($E15>=601&$H15="직형","롤컷",INDEX($Y$95:$AD$101,MATCH($L15,$Y$95:$Y$101,0),MATCH($G15,$Y$94:$AD$94,-1)))) | X15: =IF($E15=0,0,1%) -> 0 | Y15: =IF($E15=0,0,IF(OR($P15="단면TAPE P-100",$P15="양면TAPE P-200",$P15="SEAT BACK/CUSION 용",$P15="P-300",$P15="P-400",$P15="H-100"),$X15,5%)) -> 0 | Z15: =IF($AQ15>$AT15,$AO15,$AS15) -> 137 | AA15: =IF($AQ15>$AT15,$AP15,$AR15) -> 117 | AB15: =(E15*Z15)+(AM15*2)+(AN15*(Z15-1)) -> 700 | AC15: =(F15*AA15)+(AM15*2)+(AN15*(AA15-1)) -> 600 | AD15: =IF($E15=0,0,INDEX($AI$80:$AJ$109,MATCH($J15,$AI$80:$AI$109,-1),2)) -> 0 | AE15: =IF($E15=0,0,($AB15/$Z15*$AC15/$AA15)/100) -> 0 | AF15: =$AE15 -> 0 | AG15: =$AE15-$K15 -> 0 | AH15: =IF($I15=$AM$81,$Z15*$AA15,IF($I15=$AM$82,$Z15*$AA15*INT(50/G15),IF(AND($I15=$AM$84,$G15<=50),$Z15*$AA15*INT(50/$G15),IF(AND($I15=$AM$84,$G15>50),$Z15*$AA15,0)))) -> #DIV/0! | AI15: =IF($E15=0,0,INT($AP$85/($AE15))) -> 0 | AJ15: =IF($I15="오토컷팅",INT($AP$86/$AF15),IF($I15="파워프레스",INT($AP$87/$AF15),IF($I15="롤컷팅",INT($AP$88/$AF15),0))) -> #DIV/0! | AK15: =VLOOKUP($I15,$AM$81:$AO$84,2,0) -> 600 | AL15: =VLOOKUP($I15,$AM$81:$AO$84,3,0) -> 700 | AM15: =IF(AND($I15="오토컷팅",$E15>=280),0,IF(AND($I15="파워프레스",$E15>=590),0,10)) -> 10 | AN15: =IF($H15="직형",0,5) -> 5 | AO15: =INT(($AK15-$AM15*2+$AN15)/($E15+$AN15)) -> 117 | AP15: =INT(($AL15-$AM15*2+$AN15)/($F15+$AN15)) -> 137 | AQ15: =$AO15*$AP15 -> 16029 | AR15: =INT(($AK15-$AM15*2+$AN15)/($F15+$AN15)) -> 117 | AS15: =INT(($AL15-$AM15*2+$AN15)/($E15+$AN15)) -> 137 | AT15: =$AR15*$AS15 -> 16029 | AU15: =MAX($AQ15,$AT15) -> 16029
A16: 16 | I16: =IF(AND($W16="오토컷팅",E16<=290),"오토컷팅",IF(AND(OR(W16="오토컷팅",$W16="파워프레스"),E16<=600),"파워프레스","롤컷팅")) -> 롤컷팅 | J16: =$C$5*D16 -> 0 | K16: =E16*F16/100 -> 0 | L16: =IF($M16="","",INDEX($Z$109:$AC$162,MATCH($M16,$Z$109:$Z$162,0),4)) | N16: =IF($M16="",0,INDEX($Z$109:$AC$162,MATCH($M16,$Z$109:$Z$162,0),3)) -> 0 | O16: =IF($M16="",0,INDEX($Z$109:$AB$162,MATCH($M16,$Z$109:$Z$162,0),2)) -> 0 | Q16: =IF($E16=0,"",IF(OR($P16="",$P16="무점착",$P16="단면TAPE P-100",$P16="H-100"),"미적용",IF(OR($I16="오토컷팅",$I16="파워프레스"),"ROLL","SHEET"))) | S16: =IF($P16="",0,INDEX($Z$167:$AA$212,MATCH($P16,$Z$167:$Z$212,0),2)) -> 0 | V16: =IF($E16=0,0,ROUND(SUM($P51:$S51),1)) -> 0 | W16: =IF($E16=0,"",IF($E16>=601&$H16="직형","롤컷",INDEX($Y$95:$AD$101,MATCH($L16,$Y$95:$Y$101,0),MATCH($G16,$Y$94:$AD$94,-1)))) | X16: =IF($E16=0,0,1%) -> 0 | Y16: =IF($E16=0,0,IF(OR($P16="단면TAPE P-100",$P16="양면TAPE P-200",$P16="SEAT BACK/CUSION 용",$P16="P-300",$P16="P-400",$P16="H-100"),$X16,5%)) -> 0 | Z16: =IF($AQ16>$AT16,$AO16,$AS16) -> 137 | AA16: =IF($AQ16>$AT16,$AP16,$AR16) -> 117 | AB16: =(E16*Z16)+(AM16*2)+(AN16*(Z16-1)) -> 700 | AC16: =(F16*AA16)+(AM16*2)+(AN16*(AA16-1)) -> 600 | AD16: =IF($E16=0,0,INDEX($AI$80:$AJ$109,MATCH($J16,$AI$80:$AI$109,-1),2)) -> 0 | AE16: =IF($E16=0,0,($AB16/$Z16*$AC16/$AA16)/100) -> 0 | AF16: =$AE16 -> 0 | AG16: =$AE16-$K16 -> 0 | AH16: =IF($I16=$AM$81,$Z16*$AA16,IF($I16=$AM$82,$Z16*$AA16*INT(50/G16),IF(AND($I16=$AM$84,$G16<=50),$Z16*$AA16*INT(50/$G16),IF(AND($I16=$AM$84,$G16>50),$Z16*$AA16,0)))) -> #DIV/0! | AI16: =IF($E16=0,0,INT($AP$85/($AE16))) -> 0 | AJ16: =IF($I16="오토컷팅",INT($AP$86/$AF16),IF($I16="파워프레스",INT($AP$87/$AF16),IF($I16="롤컷팅",INT($AP$88/$AF16),0))) -> #DIV/0! | AK16: =VLOOKUP($I16,$AM$81:$AO$84,2,0) -> 600 | AL16: =VLOOKUP($I16,$AM$81:$AO$84,3,0) -> 700 | AM16: =IF(AND($I16="오토컷팅",$E16>=280),0,IF(AND($I16="파워프레스",$E16>=590),0,10)) -> 10 | AN16: =IF($H16="직형",0,5) -> 5 | AO16: =INT(($AK16-$AM16*2+$AN16)/($E16+$AN16)) -> 117 | AP16: =INT(($AL16-$AM16*2+$AN16)/($F16+$AN16)) -> 137 | AQ16: =$AO16*$AP16 -> 16029 | AR16: =INT(($AK16-$AM16*2+$AN16)/($F16+$AN16)) -> 117 | AS16: =INT(($AL16-$AM16*2+$AN16)/($E16+$AN16)) -> 137 | AT16: =$AR16*$AS16 -> 16029 | AU16: =MAX($AQ16,$AT16) -> 16029
A17: 20 | I17: =IF(AND($W17="오토컷팅",E17<=290),"오토컷팅",IF(AND(OR(W17="오토컷팅",$W17="파워프레스"),E17<=600),"파워프레스","롤컷팅")) -> 롤컷팅 | J17: =$C$5*D17 -> 0 | K17: =E17*F17/100 -> 0 | L17: =IF($M17="","",INDEX($Z$109:$AC$162,MATCH($M17,$Z$109:$Z$162,0),4)) | N17: =IF($M17="",0,INDEX($Z$109:$AC$162,MATCH($M17,$Z$109:$Z$162,0),3)) -> 0 | O17: =IF($M17="",0,INDEX($Z$109:$AB$162,MATCH($M17,$Z$109:$Z$162,0),2)) -> 0 | Q17: =IF($E17=0,"",IF(OR($P17="",$P17="무점착",$P17="단면TAPE P-100",$P17="H-100"),"미적용",IF(OR($I17="오토컷팅",$I17="파워프레스"),"ROLL","SHEET"))) | S17: =IF($P17="",0,INDEX($Z$167:$AA$212,MATCH($P17,$Z$167:$Z$212,0),2)) -> 0 | V17: =IF($E17=0,0,ROUND(SUM($P52:$S52),1)) -> 0 | W17: =IF($E17=0,"",IF($E17>=601&$H17="직형","롤컷",INDEX($Y$95:$AD$101,MATCH($L17,$Y$95:$Y$101,0),MATCH($G17,$Y$94:$AD$94,-1)))) | X17: =IF($E17=0,0,1%) -> 0 | Y17: =IF($E17=0,0,IF(OR($P17="단면TAPE P-100",$P17="양면TAPE P-200",$P17="SEAT BACK/CUSION 용",$P17="P-300",$P17="P-400",$P17="H-100"),$X17,5%)) -> 0 | Z17: =IF($AQ17>$AT17,$AO17,$AS17) -> 137 | AA17: =IF($AQ17>$AT17,$AP17,$AR17) -> 117 | AB17: =(E17*Z17)+(AM17*2)+(AN17*(Z17-1)) -> 700 | AC17: =(F17*AA17)+(AM17*2)+(AN17*(AA17-1)) -> 600 | AD17: =IF($E17=0,0,INDEX($AI$80:$AJ$109,MATCH($J17,$AI$80:$AI$109,-1),2)) -> 0 | AE17: =IF($E17=0,0,($AB17/$Z17*$AC17/$AA17)/100) -> 0 | AF17: =$AE17 -> 0 | AG17: =$AE17-$K17 -> 0 | AH17: =IF($I17=$AM$81,$Z17*$AA17,IF($I17=$AM$82,$Z17*$AA17*INT(50/G17),IF(AND($I17=$AM$84,$G17<=50),$Z17*$AA17*INT(50/$G17),IF(AND($I17=$AM$84,$G17>50),$Z17*$AA17,0)))) -> #DIV/0! | AI17: =IF($E17=0,0,INT($AP$85/($AE17))) -> 0 | AJ17: =IF($I17="오토컷팅",INT($AP$86/$AF17),IF($I17="파워프레스",INT($AP$87/$AF17),IF($I17="롤컷팅",INT($AP$88/$AF17),0))) -> #DIV/0! | AK17: =VLOOKUP($I17,$AM$81:$AO$84,2,0) -> 600 | AL17: =VLOOKUP($I17,$AM$81:$AO$84,3,0) -> 700 | AM17: =IF(AND($I17="오토컷팅",$E17>=280),0,IF(AND($I17="파워프레스",$E17>=590),0,10)) -> 10 | AN17: =IF($H17="직형",0,5) -> 5 | AO17: =INT(($AK17-$AM17*2+$AN17)/($E17+$AN17)) -> 117 | AP17: =INT(($AL17-$AM17*2+$AN17)/($F17+$AN17)) -> 137 | AQ17: =$AO17*$AP17 -> 16029 | AR17: =INT(($AK17-$AM17*2+$AN17)/($F17+$AN17)) -> 117 | AS17: =INT(($AL17-$AM17*2+$AN17)/($E17+$AN17)) -> 137 | AT17: =$AR17*$AS17 -> 16029 | AU17: =MAX($AQ17,$AT17) -> 16029
A18: 22 | I18: =IF(AND($W18="오토컷팅",E18<=290),"오토컷팅",IF(AND(OR(W18="오토컷팅",$W18="파워프레스"),E18<=600),"파워프레스","롤컷팅")) -> 롤컷팅 | J18: =$C$5*D18 -> 0 | K18: =E18*F18/100 -> 0 | L18: =IF($M18="","",INDEX($Z$109:$AC$162,MATCH($M18,$Z$109:$Z$162,0),4)) | N18: =IF($M18="",0,INDEX($Z$109:$AC$162,MATCH($M18,$Z$109:$Z$162,0),3)) -> 0 | O18: =IF($M18="",0,INDEX($Z$109:$AB$162,MATCH($M18,$Z$109:$Z$162,0),2)) -> 0 | Q18: =IF($E18=0,"",IF(OR($P18="",$P18="무점착",$P18="단면TAPE P-100",$P18="H-100"),"미적용",IF(OR($I18="오토컷팅",$I18="파워프레스"),"ROLL","SHEET"))) | S18: =IF($P18="",0,INDEX($Z$167:$AA$212,MATCH($P18,$Z$167:$Z$212,0),2)) -> 0 | V18: =IF($E18=0,0,ROUND(SUM($P53:$S53),1)) -> 0 | W18: =IF($E18=0,"",IF($E18>=601&$H18="직형","롤컷",INDEX($Y$95:$AD$101,MATCH($L18,$Y$95:$Y$101,0),MATCH($G18,$Y$94:$AD$94,-1)))) | X18: =IF($E18=0,0,1%) -> 0 | Y18: =IF($E18=0,0,IF(OR($P18="단면TAPE P-100",$P18="양면TAPE P-200",$P18="SEAT BACK/CUSION 용",$P18="P-300",$P18="P-400",$P18="H-100"),$X18,5%)) -> 0 | Z18: =IF($AQ18>$AT18,$AO18,$AS18) -> 137 | AA18: =IF($AQ18>$AT18,$AP18,$AR18) -> 117 | AB18: =(E18*Z18)+(AM18*2)+(AN18*(Z18-1)) -> 700 | AC18: =(F18*AA18)+(AM18*2)+(AN18*(AA18-1)) -> 600 | AD18: =IF($E18=0,0,INDEX($AI$80:$AJ$109,MATCH($J18,$AI$80:$AI$109,-1),2)) -> 0 | AE18: =IF($E18=0,0,($AB18/$Z18*$AC18/$AA18)/100) -> 0 | AF18: =$AE18 -> 0 | AG18: =$AE18-$K18 -> 0 | AH18: =IF($I18=$AM$81,$Z18*$AA18,IF($I18=$AM$82,$Z18*$AA18*INT(50/G18),IF(AND($I18=$AM$84,$G18<=50),$Z18*$AA18*INT(50/$G18),IF(AND($I18=$AM$84,$G18>50),$Z18*$AA18,0)))) -> #DIV/0! | AI18: =IF($E18=0,0,INT($AP$85/($AE18))) -> 0 | AJ18: =IF($I18="오토컷팅",INT($AP$86/$AF18),IF($I18="파워프레스",INT($AP$87/$AF18),IF($I18="롤컷팅",INT($AP$88/$AF18),0))) -> #DIV/0! | AK18: =VLOOKUP($I18,$AM$81:$AO$84,2,0) -> 600 | AL18: =VLOOKUP($I18,$AM$81:$AO$84,3,0) -> 700 | AM18: =IF(AND($I18="오토컷팅",$E18>=280),0,IF(AND($I18="파워프레스",$E18>=590),0,10)) -> 10 | AN18: =IF($H18="직형",0,5) -> 5 | AO18: =INT(($AK18-$AM18*2+$AN18)/($E18+$AN18)) -> 117 | AP18: =INT(($AL18-$AM18*2+$AN18)/($F18+$AN18)) -> 137 | AQ18: =$AO18*$AP18 -> 16029 | AR18: =INT(($AK18-$AM18*2+$AN18)/($F18+$AN18)) -> 117 | AS18: =INT(($AL18-$AM18*2+$AN18)/($E18+$AN18)) -> 137 | AT18: =$AR18*$AS18 -> 16029 | AU18: =MAX($AQ18,$AT18) -> 16029
A19: 16 | I19: =IF(AND($W19="오토컷팅",E19<=290),"오토컷팅",IF(AND(OR(W19="오토컷팅",$W19="파워프레스"),E19<=600),"파워프레스","롤컷팅")) -> 롤컷팅 | J19: =$C$5*D19 -> 0 | K19: =E19*F19/100 -> 0 | L19: =IF($M19="","",INDEX($Z$109:$AC$162,MATCH($M19,$Z$109:$Z$162,0),4)) | N19: =IF($M19="",0,INDEX($Z$109:$AC$162,MATCH($M19,$Z$109:$Z$162,0),3)) -> 0 | O19: =IF($M19="",0,INDEX($Z$109:$AB$162,MATCH($M19,$Z$109:$Z$162,0),2)) -> 0 | Q19: =IF($E19=0,"",IF(OR($P19="",$P19="무점착",$P19="단면TAPE P-100",$P19="H-100"),"미적용",IF(OR($I19="오토컷팅",$I19="파워프레스"),"ROLL","SHEET"))) | S19: =IF($P19="",0,INDEX($Z$167:$AA$212,MATCH($P19,$Z$167:$Z$212,0),2)) -> 0 | V19: =IF($E19=0,0,ROUND(SUM($P57:$S57),1)) -> 0 | W19: =IF($E19=0,"",IF($E19>=601&$H19="직형","롤컷",INDEX($Y$95:$AD$101,MATCH($L19,$Y$95:$Y$101,0),MATCH($G19,$Y$94:$AD$94,-1)))) | X19: =IF($E19=0,0,1%) -> 0 | Y19: =IF($E19=0,0,IF(OR($P19="단면TAPE P-100",$P19="양면TAPE P-200",$P19="SEAT BACK/CUSION 용",$P19="P-300",$P19="P-400",$P19="H-100"),$X19,5%)) -> 0 | Z19: =IF($AQ19>$AT19,$AO19,$AS19) -> 137 | AA19: =IF($AQ19>$AT19,$AP19,$AR19) -> 117 | AB19: =(E19*Z19)+(AM19*2)+(AN19*(Z19-1)) -> 700 | AC19: =(F19*AA19)+(AM19*2)+(AN19*(AA19-1)) -> 600 | AD19: =IF($E19=0,0,INDEX($AI$80:$AJ$109,MATCH($J19,$AI$80:$AI$109,-1),2)) -> 0 | AE19: =IF($E19=0,0,($AB19/$Z19*$AC19/$AA19)/100) -> 0 | AF19: =$AE19 -> 0 | AG19: =$AE19-$K19 -> 0 | AH19: =IF($I19=$AM$81,$Z19*$AA19,IF($I19=$AM$82,$Z19*$AA19*INT(50/G19),IF(AND($I19=$AM$84,$G19<=50),$Z19*$AA19*INT(50/$G19),IF(AND($I19=$AM$84,$G19>50),$Z19*$AA19,0)))) -> #DIV/0! | AI19: =IF($E19=0,0,INT($AP$85/($AE19))) -> 0 | AJ19: =IF($I19="오토컷팅",INT($AP$86/$AF19),IF($I19="파워프레스",INT($AP$87/$AF19),IF($I19="롤컷팅",INT($AP$88/$AF19),0))) -> #DIV/0! | AK19: =VLOOKUP($I19,$AM$81:$AO$84,2,0) -> 600 | AL19: =VLOOKUP($I19,$AM$81:$AO$84,3,0) -> 700 | AM19: =IF(AND($I19="오토컷팅",$E19>=280),0,IF(AND($I19="파워프레스",$E19>=590),0,10)) -> 10 | AN19: =IF($H19="직형",0,5) -> 5 | AO19: =INT(($AK19-$AM19*2+$AN19)/($E19+$AN19)) -> 117 | AP19: =INT(($AL19-$AM19*2+$AN19)/($F19+$AN19)) -> 137 | AQ19: =$AO19*$AP19 -> 16029 | AR19: =INT(($AK19-$AM19*2+$AN19)/($F19+$AN19)) -> 117 | AS19: =INT(($AL19-$AM19*2+$AN19)/($E19+$AN19)) -> 137 | AT19: =$AR19*$AS19 -> 16029 | AU19: =MAX($AQ19,$AT19) -> 16029
A20: 29 | I20: =IF(AND($W20="오토컷팅",E20<=290),"오토컷팅",IF(AND(OR(W20="오토컷팅",$W20="파워프레스"),E20<=600),"파워프레스","롤컷팅")) -> 롤컷팅 | J20: =$C$5*D20 -> 0 | K20: =E20*F20/100 -> 0 | L20: =IF($M20="","",INDEX($Z$109:$AC$162,MATCH($M20,$Z$109:$Z$162,0),4)) | N20: =IF($M20="",0,INDEX($Z$109:$AC$162,MATCH($M20,$Z$109:$Z$162,0),3)) -> 0 | O20: =IF($M20="",0,INDEX($Z$109:$AB$162,MATCH($M20,$Z$109:$Z$162,0),2)) -> 0 | Q20: =IF($E20=0,"",IF(OR($P20="",$P20="무점착",$P20="단면TAPE P-100",$P20="H-100"),"미적용",IF(OR($I20="오토컷팅",$I20="파워프레스"),"ROLL","SHEET"))) | S20: =IF($P20="",0,INDEX($Z$167:$AA$212,MATCH($P20,$Z$167:$Z$212,0),2)) -> 0 | V20: =IF($E20=0,0,ROUND(SUM($P45:$S45),1)) -> 0 | W20: =IF($E20=0,"",IF($E20>=601&$H20="직형","롤컷",INDEX($Y$95:$AD$101,MATCH($L20,$Y$95:$Y$101,0),MATCH($G20,$Y$94:$AD$94,-1)))) | X20: =IF($E20=0,0,1%) -> 0 | Y20: =IF($E20=0,0,IF(OR($P20="단면TAPE P-100",$P20="양면TAPE P-200",$P20="SEAT BACK/CUSION 용",$P20="P-300",$P20="P-400",$P20="H-100"),$X20,5%)) -> 0 | Z20: =IF($AQ20>$AT20,$AO20,$AS20) -> 137 | AA20: =IF($AQ20>$AT20,$AP20,$AR20) -> 117 | AB20: =(E20*Z20)+(AM20*2)+(AN20*(Z20-1)) -> 700 | AC20: =(F20*AA20)+(AM20*2)+(AN20*(AA20-1)) -> 600 | AD20: =IF($E20=0,0,INDEX($AI$80:$AJ$109,MATCH($J20,$AI$80:$AI$109,-1),2)) -> 0 | AE20: =IF($E20=0,0,($AB20/$Z20*$AC20/$AA20)/100) -> 0 | AF20: =$AE20 -> 0 | AG20: =$AE20-$K20 -> 0 | AH20: =IF($I20=$AM$81,$Z20*$AA20,IF($I20=$AM$82,$Z20*$AA20*INT(50/G20),IF(AND($I20=$AM$84,$G20<=50),$Z20*$AA20*INT(50/$G20),IF(AND($I20=$AM$84,$G20>50),$Z20*$AA20,0)))) -> #DIV/0! | AI20: =IF($E20=0,0,INT($AP$85/($AE20))) -> 0 | AJ20: =IF($I20="오토컷팅",INT($AP$86/$AF20),IF($I20="파워프레스",INT($AP$87/$AF20),IF($I20="롤컷팅",INT($AP$88/$AF20),0))) -> #DIV/0! | AK20: =VLOOKUP($I20,$AM$81:$AO$84,2,0) -> 600 | AL20: =VLOOKUP($I20,$AM$81:$AO$84,3,0) -> 700 | AM20: =IF(AND($I20="오토컷팅",$E20>=280),0,IF(AND($I20="파워프레스",$E20>=590),0,10)) -> 10 | AN20: =IF($H20="직형",0,5) -> 5 | AO20: =INT(($AK20-$AM20*2+$AN20)/($E20+$AN20)) -> 117 | AP20: =INT(($AL20-$AM20*2+$AN20)/($F20+$AN20)) -> 137 | AQ20: =$AO20*$AP20 -> 16029 | AR20: =INT(($AK20-$AM20*2+$AN20)/($F20+$AN20)) -> 117 | AS20: =INT(($AL20-$AM20*2+$AN20)/($E20+$AN20)) -> 137 | AT20: =$AR20*$AS20 -> 16029 | AU20: =MAX($AQ20,$AT20) -> 16029
A21: 29 | I21: =IF(AND($W21="오토컷팅",E21<=290),"오토컷팅",IF(AND(OR(W21="오토컷팅",$W21="파워프레스"),E21<=600),"파워프레스","롤컷팅")) -> 롤컷팅 | J21: =$C$5*D21 -> 0 | K21: =E21*F21/100 -> 0 | L21: =IF($M21="","",INDEX($Z$109:$AC$162,MATCH($M21,$Z$109:$Z$162,0),4)) | N21: =IF($M21="",0,INDEX($Z$109:$AC$162,MATCH($M21,$Z$109:$Z$162,0),3)) -> 0 | O21: =IF($M21="",0,INDEX($Z$109:$AB$162,MATCH($M21,$Z$109:$Z$162,0),2)) -> 0 | Q21: =IF($E21=0,"",IF(OR($P21="",$P21="무점착",$P21="단면TAPE P-100",$P21="H-100"),"미적용",IF(OR($I21="오토컷팅",$I21="파워프레스"),"ROLL","SHEET"))) | S21: =IF($P21="",0,INDEX($Z$167:$AA$212,MATCH($P21,$Z$167:$Z$212,0),2)) -> 0 | V21: =IF($E21=0,0,ROUND(SUM($P46:$S46),1)) -> 0 | W21: =IF($E21=0,"",IF($E21>=601&$H21="직형","롤컷",INDEX($Y$95:$AD$101,MATCH($L21,$Y$95:$Y$101,0),MATCH($G21,$Y$94:$AD$94,-1)))) | X21: =IF($E21=0,0,1%) -> 0 | Y21: =IF($E21=0,0,IF(OR($P21="단면TAPE P-100",$P21="양면TAPE P-200",$P21="SEAT BACK/CUSION 용",$P21="P-300",$P21="P-400",$P21="H-100"),$X21,5%)) -> 0 | Z21: =IF($AQ21>$AT21,$AO21,$AS21) -> 137 | AA21: =IF($AQ21>$AT21,$AP21,$AR21) -> 117 | AB21: =(E21*Z21)+(AM21*2)+(AN21*(Z21-1)) -> 700 | AC21: =(F21*AA21)+(AM21*2)+(AN21*(AA21-1)) -> 600 | AD21: =IF($E21=0,0,INDEX($AI$80:$AJ$109,MATCH($J21,$AI$80:$AI$109,-1),2)) -> 0 | AE21: =IF($E21=0,0,($AB21/$Z21*$AC21/$AA21)/100) -> 0 | AF21: =$AE21 -> 0 | AG21: =$AE21-$K21 -> 0 | AH21: =IF($I21=$AM$81,$Z21*$AA21,IF($I21=$AM$82,$Z21*$AA21*INT(50/G21),IF(AND($I21=$AM$84,$G21<=50),$Z21*$AA21*INT(50/$G21),IF(AND($I21=$AM$84,$G21>50),$Z21*$AA21,0)))) -> #DIV/0! | AI21: =IF($E21=0,0,INT($AP$85/($AE21))) -> 0 | AJ21: =IF($I21="오토컷팅",INT($AP$86/$AF21),IF($I21="파워프레스",INT($AP$87/$AF21),IF($I21="롤컷팅",INT($AP$88/$AF21),0))) -> #DIV/0! | AK21: =VLOOKUP($I21,$AM$81:$AO$84,2,0) -> 600 | AL21: =VLOOKUP($I21,$AM$81:$AO$84,3,0) -> 700 | AM21: =IF(AND($I21="오토컷팅",$E21>=280),0,IF(AND($I21="파워프레스",$E21>=590),0,10)) -> 10 | AN21: =IF($H21="직형",0,5) -> 5 | AO21: =INT(($AK21-$AM21*2+$AN21)/($E21+$AN21)) -> 117 | AP21: =INT(($AL21-$AM21*2+$AN21)/($F21+$AN21)) -> 137 | AQ21: =$AO21*$AP21 -> 16029 | AR21: =INT(($AK21-$AM21*2+$AN21)/($F21+$AN21)) -> 117 | AS21: =INT(($AL21-$AM21*2+$AN21)/($E21+$AN21)) -> 137 | AT21: =$AR21*$AS21 -> 16029 | AU21: =MAX($AQ21,$AT21) -> 16029
A22: 36 | I22: =IF(AND($W22="오토컷팅",E22<=290),"오토컷팅",IF(AND(OR(W22="오토컷팅",$W22="파워프레스"),E22<=600),"파워프레스","롤컷팅")) -> 롤컷팅 | J22: =$C$5*D22 -> 0 | K22: =E22*F22/100 -> 0 | L22: =IF($M22="","",INDEX($Z$109:$AC$162,MATCH($M22,$Z$109:$Z$162,0),4)) | N22: =IF($M22="",0,INDEX($Z$109:$AC$162,MATCH($M22,$Z$109:$Z$162,0),3)) -> 0 | O22: =IF($M22="",0,INDEX($Z$109:$AB$162,MATCH($M22,$Z$109:$Z$162,0),2)) -> 0 | Q22: =IF($E22=0,"",IF(OR($P22="",$P22="무점착",$P22="단면TAPE P-100",$P22="H-100"),"미적용",IF(OR($I22="오토컷팅",$I22="파워프레스"),"ROLL","SHEET"))) | S22: =IF($P22="",0,INDEX($Z$167:$AA$212,MATCH($P22,$Z$167:$Z$212,0),2)) -> 0 | V22: =IF($E22=0,0,ROUND(SUM($P47:$S47),1)) -> 0 | W22: =IF($E22=0,"",IF($E22>=601&$H22="직형","롤컷",INDEX($Y$95:$AD$101,MATCH($L22,$Y$95:$Y$101,0),MATCH($G22,$Y$94:$AD$94,-1)))) | X22: =IF($E22=0,0,1%) -> 0 | Y22: =IF($E22=0,0,IF(OR($P22="단면TAPE P-100",$P22="양면TAPE P-200",$P22="SEAT BACK/CUSION 용",$P22="P-300",$P22="P-400",$P22="H-100"),$X22,5%)) -> 0 | Z22: =IF($AQ22>$AT22,$AO22,$AS22) -> 137 | AA22: =IF($AQ22>$AT22,$AP22,$AR22) -> 117 | AB22: =(E22*Z22)+(AM22*2)+(AN22*(Z22-1)) -> 700 | AC22: =(F22*AA22)+(AM22*2)+(AN22*(AA22-1)) -> 600 | AD22: =IF($E22=0,0,INDEX($AI$80:$AJ$109,MATCH($J22,$AI$80:$AI$109,-1),2)) -> 0 | AE22: =IF($E22=0,0,($AB22/$Z22*$AC22/$AA22)/100) -> 0 | AF22: =$AE22 -> 0 | AG22: =$AE22-$K22 -> 0 | AH22: =IF($I22=$AM$81,$Z22*$AA22,IF($I22=$AM$82,$Z22*$AA22*INT(50/G22),IF(AND($I22=$AM$84,$G22<=50),$Z22*$AA22*INT(50/$G22),IF(AND($I22=$AM$84,$G22>50),$Z22*$AA22,0)))) -> #DIV/0! | AI22: =IF($E22=0,0,INT($AP$85/($AE22))) -> 0 | AJ22: =IF($I22="오토컷팅",INT($AP$86/$AF22),IF($I22="파워프레스",INT($AP$87/$AF22),IF($I22="롤컷팅",INT($AP$88/$AF22),0))) -> #DIV/0! | AK22: =VLOOKUP($I22,$AM$81:$AO$84,2,0) -> 600 | AL22: =VLOOKUP($I22,$AM$81:$AO$84,3,0) -> 700 | AM22: =IF(AND($I22="오토컷팅",$E22>=280),0,IF(AND($I22="파워프레스",$E22>=590),0,10)) -> 10 | AN22: =IF($H22="직형",0,5) -> 5 | AO22: =INT(($AK22-$AM22*2+$AN22)/($E22+$AN22)) -> 117 | AP22: =INT(($AL22-$AM22*2+$AN22)/($F22+$AN22)) -> 137 | AQ22: =$AO22*$AP22 -> 16029 | AR22: =INT(($AK22-$AM22*2+$AN22)/($F22+$AN22)) -> 117 | AS22: =INT(($AL22-$AM22*2+$AN22)/($E22+$AN22)) -> 137 | AT22: =$AR22*$AS22 -> 16029 | AU22: =MAX($AQ22,$AT22) -> 16029
A23: 20 | I23: =IF(AND($W23="오토컷팅",E23<=290),"오토컷팅",IF(AND(OR(W23="오토컷팅",$W23="파워프레스"),E23<=600),"파워프레스","롤컷팅")) -> 롤컷팅 | J23: =$C$5*D23 -> 0 | K23: =E23*F23/100 -> 0 | L23: =IF($M23="","",INDEX($Z$109:$AC$162,MATCH($M23,$Z$109:$Z$162,0),4)) | N23: =IF($M23="",0,INDEX($Z$109:$AC$162,MATCH($M23,$Z$109:$Z$162,0),3)) -> 0 | O23: =IF($M23="",0,INDEX($Z$109:$AB$162,MATCH($M23,$Z$109:$Z$162,0),2)) -> 0 | Q23: =IF($E23=0,"",IF(OR($P23="",$P23="무점착",$P23="단면TAPE P-100",$P23="H-100"),"미적용",IF(OR($I23="오토컷팅",$I23="파워프레스"),"ROLL","SHEET"))) | S23: =IF($P23="",0,INDEX($Z$167:$AA$212,MATCH($P23,$Z$167:$Z$212,0),2)) -> 0 | V23: =IF($E23=0,0,ROUND(SUM($P48:$S48),1)) -> 0 | W23: =IF($E23=0,"",IF($E23>=601&$H23="직형","롤컷",INDEX($Y$95:$AD$101,MATCH($L23,$Y$95:$Y$101,0),MATCH($G23,$Y$94:$AD$94,-1)))) | X23: =IF($E23=0,0,1%) -> 0 | Y23: =IF($E23=0,0,IF(OR($P23="단면TAPE P-100",$P23="양면TAPE P-200",$P23="SEAT BACK/CUSION 용",$P23="P-300",$P23="P-400",$P23="H-100"),$X23,5%)) -> 0 | Z23: =IF($AQ23>$AT23,$AO23,$AS23) -> 137 | AA23: =IF($AQ23>$AT23,$AP23,$AR23) -> 117 | AB23: =(E23*Z23)+(AM23*2)+(AN23*(Z23-1)) -> 700 | AC23: =(F23*AA23)+(AM23*2)+(AN23*(AA23-1)) -> 600 | AD23: =IF($E23=0,0,INDEX($AI$80:$AJ$109,MATCH($J23,$AI$80:$AI$109,-1),2)) -> 0 | AE23: =IF($E23=0,0,($AB23/$Z23*$AC23/$AA23)/100) -> 0 | AF23: =$AE23 -> 0 | AG23: =$AE23-$K23 -> 0 | AH23: =IF($I23=$AM$81,$Z23*$AA23,IF($I23=$AM$82,$Z23*$AA23*INT(50/G23),IF(AND($I23=$AM$84,$G23<=50),$Z23*$AA23*INT(50/$G23),IF(AND($I23=$AM$84,$G23>50),$Z23*$AA23,0)))) -> #DIV/0! | AI23: =IF($E23=0,0,INT($AP$85/($AE23))) -> 0 | AJ23: =IF($I23="오토컷팅",INT($AP$86/$AF23),IF($I23="파워프레스",INT($AP$87/$AF23),IF($I23="롤컷팅",INT($AP$88/$AF23),0))) -> #DIV/0! | AK23: =VLOOKUP($I23,$AM$81:$AO$84,2,0) -> 600 | AL23: =VLOOKUP($I23,$AM$81:$AO$84,3,0) -> 700 | AM23: =IF(AND($I23="오토컷팅",$E23>=280),0,IF(AND($I23="파워프레스",$E23>=590),0,10)) -> 10 | AN23: =IF($H23="직형",0,5) -> 5 | AO23: =INT(($AK23-$AM23*2+$AN23)/($E23+$AN23)) -> 117 | AP23: =INT(($AL23-$AM23*2+$AN23)/($F23+$AN23)) -> 137 | AQ23: =$AO23*$AP23 -> 16029 | AR23: =INT(($AK23-$AM23*2+$AN23)/($F23+$AN23)) -> 117 | AS23: =INT(($AL23-$AM23*2+$AN23)/($E23+$AN23)) -> 137 | AT23: =$AR23*$AS23 -> 16029 | AU23: =MAX($AQ23,$AT23) -> 16029
A24: 25 | I24: =IF(AND($W24="오토컷팅",E24<=290),"오토컷팅",IF(AND(OR(W24="오토컷팅",$W24="파워프레스"),E24<=600),"파워프레스","롤컷팅")) -> 롤컷팅 | J24: =$C$5*D24 -> 0 | K24: =E24*F24/100 -> 0 | L24: =IF($M24="","",INDEX($Z$109:$AC$162,MATCH($M24,$Z$109:$Z$162,0),4)) | N24: =IF($M24="",0,INDEX($Z$109:$AC$162,MATCH($M24,$Z$109:$Z$162,0),3)) -> 0 | O24: =IF($M24="",0,INDEX($Z$109:$AB$162,MATCH($M24,$Z$109:$Z$162,0),2)) -> 0 | Q24: =IF($E24=0,"",IF(OR($P24="",$P24="무점착",$P24="단면TAPE P-100",$P24="H-100"),"미적용",IF(OR($I24="오토컷팅",$I24="파워프레스"),"ROLL","SHEET"))) | S24: =IF($P24="",0,INDEX($Z$167:$AA$212,MATCH($P24,$Z$167:$Z$212,0),2)) -> 0 | V24: =IF($E24=0,0,ROUND(SUM($P49:$S49),1)) -> 0 | W24: =IF($E24=0,"",IF($E24>=601&$H24="직형","롤컷",INDEX($Y$95:$AD$101,MATCH($L24,$Y$95:$Y$101,0),MATCH($G24,$Y$94:$AD$94,-1)))) | X24: =IF($E24=0,0,1%) -> 0 | Y24: =IF($E24=0,0,IF(OR($P24="단면TAPE P-100",$P24="양면TAPE P-200",$P24="SEAT BACK/CUSION 용",$P24="P-300",$P24="P-400",$P24="H-100"),$X24,5%)) -> 0 | Z24: =IF($AQ24>$AT24,$AO24,$AS24) -> 137 | AA24: =IF($AQ24>$AT24,$AP24,$AR24) -> 117 | AB24: =(E24*Z24)+(AM24*2)+(AN24*(Z24-1)) -> 700 | AC24: =(F24*AA24)+(AM24*2)+(AN24*(AA24-1)) -> 600 | AD24: =IF($E24=0,0,INDEX($AI$80:$AJ$109,MATCH($J24,$AI$80:$AI$109,-1),2)) -> 0 | AE24: =IF($E24=0,0,($AB24/$Z24*$AC24/$AA24)/100) -> 0 | AF24: =$AE24 -> 0 | AG24: =$AE24-$K24 -> 0 | AH24: =IF($I24=$AM$81,$Z24*$AA24,IF($I24=$AM$82,$Z24*$AA24*INT(50/G24),IF(AND($I24=$AM$84,$G24<=50),$Z24*$AA24*INT(50/$G24),IF(AND($I24=$AM$84,$G24>50),$Z24*$AA24,0)))) -> #DIV/0! | AI24: =IF($E24=0,0,INT($AP$85/($AE24))) -> 0 | AJ24: =IF($I24="오토컷팅",INT($AP$86/$AF24),IF($I24="파워프레스",INT($AP$87/$AF24),IF($I24="롤컷팅",INT($AP$88/$AF24),0))) -> #DIV/0! | AK24: =VLOOKUP($I24,$AM$81:$AO$84,2,0) -> 600 | AL24: =VLOOKUP($I24,$AM$81:$AO$84,3,0) -> 700 | AM24: =IF(AND($I24="오토컷팅",$E24>=280),0,IF(AND($I24="파워프레스",$E24>=590),0,10)) -> 10 | AN24: =IF($H24="직형",0,5) -> 5 | AO24: =INT(($AK24-$AM24*2+$AN24)/($E24+$AN24)) -> 117 | AP24: =INT(($AL24-$AM24*2+$AN24)/($F24+$AN24)) -> 137 | AQ24: =$AO24*$AP24 -> 16029 | AR24: =INT(($AK24-$AM24*2+$AN24)/($F24+$AN24)) -> 117 | AS24: =INT(($AL24-$AM24*2+$AN24)/($E24+$AN24)) -> 137 | AT24: =$AR24*$AS24 -> 16029 | AU24: =MAX($AQ24,$AT24) -> 16029
A25: 33 | I25: =IF(AND($W25="오토컷팅",E25<=290),"오토컷팅",IF(AND(OR(W25="오토컷팅",$W25="파워프레스"),E25<=600),"파워프레스","롤컷팅")) -> 롤컷팅 | J25: =$C$5*D25 -> 0 | K25: =E25*F25/100 -> 0 | L25: =IF($M25="","",INDEX($Z$109:$AC$162,MATCH($M25,$Z$109:$Z$162,0),4)) | N25: =IF($M25="",0,INDEX($Z$109:$AC$162,MATCH($M25,$Z$109:$Z$162,0),3)) -> 0 | O25: =IF($M25="",0,INDEX($Z$109:$AB$162,MATCH($M25,$Z$109:$Z$162,0),2)) -> 0 | Q25: =IF($E25=0,"",IF(OR($P25="",$P25="무점착",$P25="단면TAPE P-100",$P25="H-100"),"미적용",IF(OR($I25="오토컷팅",$I25="파워프레스"),"ROLL","SHEET"))) | S25: =IF($P25="",0,INDEX($Z$167:$AA$212,MATCH($P25,$Z$167:$Z$212,0),2)) -> 0 | V25: =IF($E25=0,0,ROUND(SUM($P50:$S50),1)) -> 0 | W25: =IF($E25=0,"",IF($E25>=601&$H25="직형","롤컷",INDEX($Y$95:$AD$101,MATCH($L25,$Y$95:$Y$101,0),MATCH($G25,$Y$94:$AD$94,-1)))) | X25: =IF($E25=0,0,1%) -> 0 | Y25: =IF($E25=0,0,IF(OR($P25="단면TAPE P-100",$P25="양면TAPE P-200",$P25="SEAT BACK/CUSION 용",$P25="P-300",$P25="P-400",$P25="H-100"),$X25,5%)) -> 0 | Z25: =IF($AQ25>$AT25,$AO25,$AS25) -> 137 | AA25: =IF($AQ25>$AT25,$AP25,$AR25) -> 117 | AB25: =(E25*Z25)+(AM25*2)+(AN25*(Z25-1)) -> 700 | AC25: =(F25*AA25)+(AM25*2)+(AN25*(AA25-1)) -> 600 | AD25: =IF($E25=0,0,INDEX($AI$80:$AJ$109,MATCH($J25,$AI$80:$AI$109,-1),2)) -> 0 | AE25: =IF($E25=0,0,($AB25/$Z25*$AC25/$AA25)/100) -> 0 | AF25: =$AE25 -> 0 | AG25: =$AE25-$K25 -> 0 | AH25: =IF($I25=$AM$81,$Z25*$AA25,IF($I25=$AM$82,$Z25*$AA25*INT(50/G25),IF(AND($I25=$AM$84,$G25<=50),$Z25*$AA25*INT(50/$G25),IF(AND($I25=$AM$84,$G25>50),$Z25*$AA25,0)))) -> #DIV/0! | AI25: =IF($E25=0,0,INT($AP$85/($AE25))) -> 0 | AJ25: =IF($I25="오토컷팅",INT($AP$86/$AF25),IF($I25="파워프레스",INT($AP$87/$AF25),IF($I25="롤컷팅",INT($AP$88/$AF25),0))) -> #DIV/0! | AK25: =VLOOKUP($I25,$AM$81:$AO$84,2,0) -> 600 | AL25: =VLOOKUP($I25,$AM$81:$AO$84,3,0) -> 700 | AM25: =IF(AND($I25="오토컷팅",$E25>=280),0,IF(AND($I25="파워프레스",$E25>=590),0,10)) -> 10 | AN25: =IF($H25="직형",0,5) -> 5 | AO25: =INT(($AK25-$AM25*2+$AN25)/($E25+$AN25)) -> 117 | AP25: =INT(($AL25-$AM25*2+$AN25)/($F25+$AN25)) -> 137 | AQ25: =$AO25*$AP25 -> 16029 | AR25: =INT(($AK25-$AM25*2+$AN25)/($F25+$AN25)) -> 117 | AS25: =INT(($AL25-$AM25*2+$AN25)/($E25+$AN25)) -> 137 | AT25: =$AR25*$AS25 -> 16029 | AU25: =MAX($AQ25,$AT25) -> 16029
A26: 29 | I26: =IF(AND($W26="오토컷팅",E26<=290),"오토컷팅",IF(AND(OR(W26="오토컷팅",$W26="파워프레스"),E26<=600),"파워프레스","롤컷팅")) -> 롤컷팅 | J26: =$C$5*D26 -> 0 | K26: =E26*F26/100 -> 0 | L26: =IF($M26="","",INDEX($Z$109:$AC$162,MATCH($M26,$Z$109:$Z$162,0),4)) | N26: =IF($M26="",0,INDEX($Z$109:$AC$162,MATCH($M26,$Z$109:$Z$162,0),3)) -> 0 | O26: =IF($M26="",0,INDEX($Z$109:$AB$162,MATCH($M26,$Z$109:$Z$162,0),2)) -> 0 | Q26: =IF($E26=0,"",IF(OR($P26="",$P26="무점착",$P26="단면TAPE P-100",$P26="H-100"),"미적용",IF(OR($I26="오토컷팅",$I26="파워프레스"),"ROLL","SHEET"))) | S26: =IF($P26="",0,INDEX($Z$167:$AA$212,MATCH($P26,$Z$167:$Z$212,0),2)) -> 0 | V26: =IF($E26=0,0,ROUND(SUM($P51:$S51),1)) -> 0 | W26: =IF($E26=0,"",IF($E26>=601&$H26="직형","롤컷",INDEX($Y$95:$AD$101,MATCH($L26,$Y$95:$Y$101,0),MATCH($G26,$Y$94:$AD$94,-1)))) | X26: =IF($E26=0,0,1%) -> 0 | Y26: =IF($E26=0,0,IF(OR($P26="단면TAPE P-100",$P26="양면TAPE P-200",$P26="SEAT BACK/CUSION 용",$P26="P-300",$P26="P-400",$P26="H-100"),$X26,5%)) -> 0 | Z26: =IF($AQ26>$AT26,$AO26,$AS26) -> 137 | AA26: =IF($AQ26>$AT26,$AP26,$AR26) -> 117 | AB26: =(E26*Z26)+(AM26*2)+(AN26*(Z26-1)) -> 700 | AC26: =(F26*AA26)+(AM26*2)+(AN26*(AA26-1)) -> 600 | AD26: =IF($E26=0,0,INDEX($AI$80:$AJ$109,MATCH($J26,$AI$80:$AI$109,-1),2)) -> 0 | AE26: =IF($E26=0,0,($AB26/$Z26*$AC26/$AA26)/100) -> 0 | AF26: =$AE26 -> 0 | AG26: =$AE26-$K26 -> 0 | AH26: =IF($I26=$AM$81,$Z26*$AA26,IF($I26=$AM$82,$Z26*$AA26*INT(50/G26),IF(AND($I26=$AM$84,$G26<=50),$Z26*$AA26*INT(50/$G26),IF(AND($I26=$AM$84,$G26>50),$Z26*$AA26,0)))) -> #DIV/0! | AI26: =IF($E26=0,0,INT($AP$85/($AE26))) -> 0 | AJ26: =IF($I26="오토컷팅",INT($AP$86/$AF26),IF($I26="파워프레스",INT($AP$87/$AF26),IF($I26="롤컷팅",INT($AP$88/$AF26),0))) -> #DIV/0! | AK26: =VLOOKUP($I26,$AM$81:$AO$84,2,0) -> 600 | AL26: =VLOOKUP($I26,$AM$81:$AO$84,3,0) -> 700 | AM26: =IF(AND($I26="오토컷팅",$E26>=280),0,IF(AND($I26="파워프레스",$E26>=590),0,10)) -> 10 | AN26: =IF($H26="직형",0,5) -> 5 | AO26: =INT(($AK26-$AM26*2+$AN26)/($E26+$AN26)) -> 117 | AP26: =INT(($AL26-$AM26*2+$AN26)/($F26+$AN26)) -> 137 | AQ26: =$AO26*$AP26 -> 16029 | AR26: =INT(($AK26-$AM26*2+$AN26)/($F26+$AN26)) -> 117 | AS26: =INT(($AL26-$AM26*2+$AN26)/($E26+$AN26)) -> 137 | AT26: =$AR26*$AS26 -> 16029 | AU26: =MAX($AQ26,$AT26) -> 16029
A27: 25 | I27: =IF(AND($W27="오토컷팅",E27<=290),"오토컷팅",IF(AND(OR(W27="오토컷팅",$W27="파워프레스"),E27<=600),"파워프레스","롤컷팅")) -> 롤컷팅 | J27: =$C$5*D27 -> 0 | K27: =E27*F27/100 -> 0 | L27: =IF($M27="","",INDEX($Z$109:$AC$162,MATCH($M27,$Z$109:$Z$162,0),4)) | N27: =IF($M27="",0,INDEX($Z$109:$AC$162,MATCH($M27,$Z$109:$Z$162,0),3)) -> 0 | O27: =IF($M27="",0,INDEX($Z$109:$AB$162,MATCH($M27,$Z$109:$Z$162,0),2)) -> 0 | Q27: =IF($E27=0,"",IF(OR($P27="",$P27="무점착",$P27="단면TAPE P-100",$P27="H-100"),"미적용",IF(OR($I27="오토컷팅",$I27="파워프레스"),"ROLL","SHEET"))) | S27: =IF($P27="",0,INDEX($Z$167:$AA$212,MATCH($P27,$Z$167:$Z$212,0),2)) -> 0 | V27: =IF($E27=0,0,ROUND(SUM($P52:$S52),1)) -> 0 | W27: =IF($E27=0,"",IF($E27>=601&$H27="직형","롤컷",INDEX($Y$95:$AD$101,MATCH($L27,$Y$95:$Y$101,0),MATCH($G27,$Y$94:$AD$94,-1)))) | X27: =IF($E27=0,0,1%) -> 0 | Y27: =IF($E27=0,0,IF(OR($P27="단면TAPE P-100",$P27="양면TAPE P-200",$P27="SEAT BACK/CUSION 용",$P27="P-300",$P27="P-400",$P27="H-100"),$X27,5%)) -> 0 | Z27: =IF($AQ27>$AT27,$AO27,$AS27) -> 137 | AA27: =IF($AQ27>$AT27,$AP27,$AR27) -> 117 | AB27: =(E27*Z27)+(AM27*2)+(AN27*(Z27-1)) -> 700 | AC27: =(F27*AA27)+(AM27*2)+(AN27*(AA27-1)) -> 600 | AD27: =IF($E27=0,0,INDEX($AI$80:$AJ$109,MATCH($J27,$AI$80:$AI$109,-1),2)) -> 0 | AE27: =IF($E27=0,0,($AB27/$Z27*$AC27/$AA27)/100) -> 0 | AF27: =$AE27 -> 0 | AG27: =$AE27-$K27 -> 0 | AH27: =IF($I27=$AM$81,$Z27*$AA27,IF($I27=$AM$82,$Z27*$AA27*INT(50/G27),IF(AND($I27=$AM$84,$G27<=50),$Z27*$AA27*INT(50/$G27),IF(AND($I27=$AM$84,$G27>50),$Z27*$AA27,0)))) -> #DIV/0! | AI27: =IF($E27=0,0,INT($AP$85/($AE27))) -> 0 | AJ27: =IF($I27="오토컷팅",INT($AP$86/$AF27),IF($I27="파워프레스",INT($AP$87/$AF27),IF($I27="롤컷팅",INT($AP$88/$AF27),0))) -> #DIV/0! | AK27: =VLOOKUP($I27,$AM$81:$AO$84,2,0) -> 600 | AL27: =VLOOKUP($I27,$AM$81:$AO$84,3,0) -> 700 | AM27: =IF(AND($I27="오토컷팅",$E27>=280),0,IF(AND($I27="파워프레스",$E27>=590),0,10)) -> 10 | AN27: =IF($H27="직형",0,5) -> 5 | AO27: =INT(($AK27-$AM27*2+$AN27)/($E27+$AN27)) -> 117 | AP27: =INT(($AL27-$AM27*2+$AN27)/($F27+$AN27)) -> 137 | AQ27: =$AO27*$AP27 -> 16029 | AR27: =INT(($AK27-$AM27*2+$AN27)/($F27+$AN27)) -> 117 | AS27: =INT(($AL27-$AM27*2+$AN27)/($E27+$AN27)) -> 137 | AT27: =$AR27*$AS27 -> 16029 | AU27: =MAX($AQ27,$AT27) -> 16029
A28: 41 | I28: =IF(AND($W28="오토컷팅",E28<=290),"오토컷팅",IF(AND(OR(W28="오토컷팅",$W28="파워프레스"),E28<=600),"파워프레스","롤컷팅")) -> 롤컷팅 | J28: =$C$5*D28 -> 0 | K28: =E28*F28/100 -> 0 | L28: =IF($M28="","",INDEX($Z$109:$AC$162,MATCH($M28,$Z$109:$Z$162,0),4)) | N28: =IF($M28="",0,INDEX($Z$109:$AC$162,MATCH($M28,$Z$109:$Z$162,0),3)) -> 0 | O28: =IF($M28="",0,INDEX($Z$109:$AB$162,MATCH($M28,$Z$109:$Z$162,0),2)) -> 0 | Q28: =IF($E28=0,"",IF(OR($P28="",$P28="무점착",$P28="단면TAPE P-100",$P28="H-100"),"미적용",IF(OR($I28="오토컷팅",$I28="파워프레스"),"ROLL","SHEET"))) | S28: =IF($P28="",0,INDEX($Z$167:$AA$212,MATCH($P28,$Z$167:$Z$212,0),2)) -> 0 | V28: =IF($E28=0,0,ROUND(SUM($P53:$S53),1)) -> 0 | W28: =IF($E28=0,"",IF($E28>=601&$H28="직형","롤컷",INDEX($Y$95:$AD$101,MATCH($L28,$Y$95:$Y$101,0),MATCH($G28,$Y$94:$AD$94,-1)))) | X28: =IF($E28=0,0,1%) -> 0 | Y28: =IF($E28=0,0,IF(OR($P28="단면TAPE P-100",$P28="양면TAPE P-200",$P28="SEAT BACK/CUSION 용",$P28="P-300",$P28="P-400",$P28="H-100"),$X28,5%)) -> 0 | Z28: =IF($AQ28>$AT28,$AO28,$AS28) -> 137 | AA28: =IF($AQ28>$AT28,$AP28,$AR28) -> 117 | AB28: =(E28*Z28)+(AM28*2)+(AN28*(Z28-1)) -> 700 | AC28: =(F28*AA28)+(AM28*2)+(AN28*(AA28-1)) -> 600 | AD28: =IF($E28=0,0,INDEX($AI$80:$AJ$109,MATCH($J28,$AI$80:$AI$109,-1),2)) -> 0 | AE28: =IF($E28=0,0,($AB28/$Z28*$AC28/$AA28)/100) -> 0 | AF28: =$AE28 -> 0 | AG28: =$AE28-$K28 -> 0 | AH28: =IF($I28=$AM$81,$Z28*$AA28,IF($I28=$AM$82,$Z28*$AA28*INT(50/G28),IF(AND($I28=$AM$84,$G28<=50),$Z28*$AA28*INT(50/$G28),IF(AND($I28=$AM$84,$G28>50),$Z28*$AA28,0)))) -> #DIV/0! | AI28: =IF($E28=0,0,INT($AP$85/($AE28))) -> 0 | AJ28: =IF($I28="오토컷팅",INT($AP$86/$AF28),IF($I28="파워프레스",INT($AP$87/$AF28),IF($I28="롤컷팅",INT($AP$88/$AF28),0))) -> #DIV/0! | AK28: =VLOOKUP($I28,$AM$81:$AO$84,2,0) -> 600 | AL28: =VLOOKUP($I28,$AM$81:$AO$84,3,0) -> 700 | AM28: =IF(AND($I28="오토컷팅",$E28>=280),0,IF(AND($I28="파워프레스",$E28>=590),0,10)) -> 10 | AN28: =IF($H28="직형",0,5) -> 5 | AO28: =INT(($AK28-$AM28*2+$AN28)/($E28+$AN28)) -> 117 | AP28: =INT(($AL28-$AM28*2+$AN28)/($F28+$AN28)) -> 137 | AQ28: =$AO28*$AP28 -> 16029 | AR28: =INT(($AK28-$AM28*2+$AN28)/($F28+$AN28)) -> 117 | AS28: =INT(($AL28-$AM28*2+$AN28)/($E28+$AN28)) -> 137 | AT28: =$AR28*$AS28 -> 16029 | AU28: =MAX($AQ28,$AT28) -> 16029
A29: 45 | I29: =IF(AND($W29="오토컷팅",E29<=290),"오토컷팅",IF(AND(OR(W29="오토컷팅",$W29="파워프레스"),E29<=600),"파워프레스","롤컷팅")) -> 롤컷팅 | J29: =$C$5*D29 -> 0 | K29: =E29*F29/100 -> 0 | L29: =IF($M29="","",INDEX($Z$109:$AC$162,MATCH($M29,$Z$109:$Z$162,0),4)) | N29: =IF($M29="",0,INDEX($Z$109:$AC$162,MATCH($M29,$Z$109:$Z$162,0),3)) -> 0 | O29: =IF($M29="",0,INDEX($Z$109:$AB$162,MATCH($M29,$Z$109:$Z$162,0),2)) -> 0 | Q29: =IF($E29=0,"",IF(OR($P29="",$P29="무점착",$P29="단면TAPE P-100",$P29="H-100"),"미적용",IF(OR($I29="오토컷팅",$I29="파워프레스"),"ROLL","SHEET"))) | S29: =IF($P29="",0,INDEX($Z$167:$AA$212,MATCH($P29,$Z$167:$Z$212,0),2)) -> 0 | V29: =IF($E29=0,0,ROUND(SUM($P57:$S57),1)) -> 0 | W29: =IF($E29=0,"",IF($E29>=601&$H29="직형","롤컷",INDEX($Y$95:$AD$101,MATCH($L29,$Y$95:$Y$101,0),MATCH($G29,$Y$94:$AD$94,-1)))) | X29: =IF($E29=0,0,1%) -> 0 | Y29: =IF($E29=0,0,IF(OR($P29="단면TAPE P-100",$P29="양면TAPE P-200",$P29="SEAT BACK/CUSION 용",$P29="P-300",$P29="P-400",$P29="H-100"),$X29,5%)) -> 0 | Z29: =IF($AQ29>$AT29,$AO29,$AS29) -> 137 | AA29: =IF($AQ29>$AT29,$AP29,$AR29) -> 117 | AB29: =(E29*Z29)+(AM29*2)+(AN29*(Z29-1)) -> 700 | AC29: =(F29*AA29)+(AM29*2)+(AN29*(AA29-1)) -> 600 | AD29: =IF($E29=0,0,INDEX($AI$80:$AJ$109,MATCH($J29,$AI$80:$AI$109,-1),2)) -> 0 | AE29: =IF($E29=0,0,($AB29/$Z29*$AC29/$AA29)/100) -> 0 | AF29: =$AE29 -> 0 | AG29: =$AE29-$K29 -> 0 | AH29: =IF($I29=$AM$81,$Z29*$AA29,IF($I29=$AM$82,$Z29*$AA29*INT(50/G29),IF(AND($I29=$AM$84,$G29<=50),$Z29*$AA29*INT(50/$G29),IF(AND($I29=$AM$84,$G29>50),$Z29*$AA29,0)))) -> #DIV/0! | AI29: =IF($E29=0,0,INT($AP$85/($AE29))) -> 0 | AJ29: =IF($I29="오토컷팅",INT($AP$86/$AF29),IF($I29="파워프레스",INT($AP$87/$AF29),IF($I29="롤컷팅",INT($AP$88/$AF29),0))) -> #DIV/0! | AK29: =VLOOKUP($I29,$AM$81:$AO$84,2,0) -> 600 | AL29: =VLOOKUP($I29,$AM$81:$AO$84,3,0) -> 700 | AM29: =IF(AND($I29="오토컷팅",$E29>=280),0,IF(AND($I29="파워프레스",$E29>=590),0,10)) -> 10 | AN29: =IF($H29="직형",0,5) -> 5 | AO29: =INT(($AK29-$AM29*2+$AN29)/($E29+$AN29)) -> 117 | AP29: =INT(($AL29-$AM29*2+$AN29)/($F29+$AN29)) -> 137 | AQ29: =$AO29*$AP29 -> 16029 | AR29: =INT(($AK29-$AM29*2+$AN29)/($F29+$AN29)) -> 117 | AS29: =INT(($AL29-$AM29*2+$AN29)/($E29+$AN29)) -> 137 | AT29: =$AR29*$AS29 -> 16029 | AU29: =MAX($AQ29,$AT29) -> 16029
A30: 26 | I30: =IF(AND($W30="오토컷팅",E30<=290),"오토컷팅",IF(AND(OR(W30="오토컷팅",$W30="파워프레스"),E30<=600),"파워프레스","롤컷팅")) -> 롤컷팅 | J30: =$C$5*D30 -> 0 | K30: =E30*F30/100 -> 0 | L30: =IF($M30="","",INDEX($Z$109:$AC$162,MATCH($M30,$Z$109:$Z$162,0),4)) | N30: =IF($M30="",0,INDEX($Z$109:$AC$162,MATCH($M30,$Z$109:$Z$162,0),3)) -> 0 | O30: =IF($M30="",0,INDEX($Z$109:$AB$162,MATCH($M30,$Z$109:$Z$162,0),2)) -> 0 | Q30: =IF($E30=0,"",IF(OR($P30="",$P30="무점착",$P30="단면TAPE P-100",$P30="H-100"),"미적용",IF(OR($I30="오토컷팅",$I30="파워프레스"),"ROLL","SHEET"))) | S30: =IF($P30="",0,INDEX($Z$167:$AA$212,MATCH($P30,$Z$167:$Z$212,0),2)) -> 0 | V30: =IF($E30=0,0,ROUND(SUM($P70:$S70),1)) -> 0 | W30: =IF($E30=0,"",IF($E30>=601&$H30="직형","롤컷",INDEX($Y$95:$AD$101,MATCH($L30,$Y$95:$Y$101,0),MATCH($G30,$Y$94:$AD$94,-1)))) | X30: =IF($E30=0,0,1%) -> 0 | Y30: =IF($E30=0,0,IF(OR($P30="단면TAPE P-100",$P30="양면TAPE P-200",$P30="SEAT BACK/CUSION 용",$P30="P-300",$P30="P-400",$P30="H-100"),$X30,5%)) -> 0 | Z30: =IF($AQ30>$AT30,$AO30,$AS30) -> 137 | AA30: =IF($AQ30>$AT30,$AP30,$AR30) -> 117 | AB30: =(E30*Z30)+(AM30*2)+(AN30*(Z30-1)) -> 700 | AC30: =(F30*AA30)+(AM30*2)+(AN30*(AA30-1)) -> 600 | AD30: =IF($E30=0,0,INDEX($AI$80:$AJ$109,MATCH($J30,$AI$80:$AI$109,-1),2)) -> 0 | AE30: =IF($E30=0,0,($AB30/$Z30*$AC30/$AA30)/100) -> 0 | AF30: =$AE30 -> 0 | AG30: =$AE30-$K30 -> 0 | AH30: =IF($I30=$AM$81,$Z30*$AA30,IF($I30=$AM$82,$Z30*$AA30*INT(50/G30),IF(AND($I30=$AM$84,$G30<=50),$Z30*$AA30*INT(50/$G30),IF(AND($I30=$AM$84,$G30>50),$Z30*$AA30,0)))) -> #DIV/0! | AI30: =IF($E30=0,0,INT($AP$85/($AE30))) -> 0 | AJ30: =IF($I30="오토컷팅",INT($AP$86/$AF30),IF($I30="파워프레스",INT($AP$87/$AF30),IF($I30="롤컷팅",INT($AP$88/$AF30),0))) -> #DIV/0! | AK30: =VLOOKUP($I30,$AM$81:$AO$84,2,0) -> 600 | AL30: =VLOOKUP($I30,$AM$81:$AO$84,3,0) -> 700 | AM30: =IF(AND($I30="오토컷팅",$E30>=280),0,IF(AND($I30="파워프레스",$E30>=590),0,10)) -> 10 | AN30: =IF($H30="직형",0,5) -> 5 | AO30: =INT(($AK30-$AM30*2+$AN30)/($E30+$AN30)) -> 117 | AP30: =INT(($AL30-$AM30*2+$AN30)/($F30+$AN30)) -> 137 | AQ30: =$AO30*$AP30 -> 16029 | AR30: =INT(($AK30-$AM30*2+$AN30)/($F30+$AN30)) -> 117 | AS30: =INT(($AL30-$AM30*2+$AN30)/($E30+$AN30)) -> 137 | AT30: =$AR30*$AS30 -> 16029 | AU30: =MAX($AQ30,$AT30) -> 16029
A31: 24 | I31: =IF(AND($W31="오토컷팅",E31<=290),"오토컷팅",IF(AND(OR(W31="오토컷팅",$W31="파워프레스"),E31<=600),"파워프레스","롤컷팅")) -> 롤컷팅 | J31: =$C$5*D31 -> 0 | K31: =E31*F31/100 -> 0 | L31: =IF($M31="","",INDEX($Z$109:$AC$162,MATCH($M31,$Z$109:$Z$162,0),4)) | N31: =IF($M31="",0,INDEX($Z$109:$AC$162,MATCH($M31,$Z$109:$Z$162,0),3)) -> 0 | O31: =IF($M31="",0,INDEX($Z$109:$AB$162,MATCH($M31,$Z$109:$Z$162,0),2)) -> 0 | Q31: =IF($E31=0,"",IF(OR($P31="",$P31="무점착",$P31="단면TAPE P-100",$P31="H-100"),"미적용",IF(OR($I31="오토컷팅",$I31="파워프레스"),"ROLL","SHEET"))) | S31: =IF($P31="",0,INDEX($Z$167:$AA$212,MATCH($P31,$Z$167:$Z$212,0),2)) -> 0 | V31: =IF($E31=0,0,ROUND(SUM($P73:$S73),1)) -> 0 | W31: =IF($E31=0,"",IF($E31>=601&$H31="직형","롤컷",INDEX($Y$95:$AD$101,MATCH($L31,$Y$95:$Y$101,0),MATCH($G31,$Y$94:$AD$94,-1)))) | X31: =IF($E31=0,0,1%) -> 0 | Y31: =IF($E31=0,0,IF(OR($P31="단면TAPE P-100",$P31="양면TAPE P-200",$P31="SEAT BACK/CUSION 용",$P31="P-300",$P31="P-400",$P31="H-100"),$X31,5%)) -> 0 | Z31: =IF($AQ31>$AT31,$AO31,$AS31) -> 137 | AA31: =IF($AQ31>$AT31,$AP31,$AR31) -> 117 | AB31: =(E31*Z31)+(AM31*2)+(AN31*(Z31-1)) -> 700 | AC31: =(F31*AA31)+(AM31*2)+(AN31*(AA31-1)) -> 600 | AD31: =IF($E31=0,0,INDEX($AI$80:$AJ$109,MATCH($J31,$AI$80:$AI$109,-1),2)) -> 0 | AE31: =IF($E31=0,0,($AB31/$Z31*$AC31/$AA31)/100) -> 0 | AF31: =$AE31 -> 0 | AG31: =$AE31-$K31 -> 0 | AH31: =IF($I31=$AM$81,$Z31*$AA31,IF($I31=$AM$82,$Z31*$AA31*INT(50/G31),IF(AND($I31=$AM$84,$G31<=50),$Z31*$AA31*INT(50/$G31),IF(AND($I31=$AM$84,$G31>50),$Z31*$AA31,0)))) -> #DIV/0! | AI31: =IF($E31=0,0,INT($AP$85/($AE31))) -> 0 | AJ31: =IF($I31="오토컷팅",INT($AP$86/$AF31),IF($I31="파워프레스",INT($AP$87/$AF31),IF($I31="롤컷팅",INT($AP$88/$AF31),0))) -> #DIV/0! | AK31: =VLOOKUP($I31,$AM$81:$AO$84,2,0) -> 600 | AL31: =VLOOKUP($I31,$AM$81:$AO$84,3,0) -> 700 | AM31: =IF(AND($I31="오토컷팅",$E31>=280),0,IF(AND($I31="파워프레스",$E31>=590),0,10)) -> 10 | AN31: =IF($H31="직형",0,5) -> 5 | AO31: =INT(($AK31-$AM31*2+$AN31)/($E31+$AN31)) -> 117 | AP31: =INT(($AL31-$AM31*2+$AN31)/($F31+$AN31)) -> 137 | AQ31: =$AO31*$AP31 -> 16029 | AR31: =INT(($AK31-$AM31*2+$AN31)/($F31+$AN31)) -> 117 | AS31: =INT(($AL31-$AM31*2+$AN31)/($E31+$AN31)) -> 137 | AT31: =$AR31*$AS31 -> 16029 | AU31: =MAX($AQ31,$AT31) -> 16029
A32: 52 | I32: =IF(AND($W32="오토컷팅",E32<=290),"오토컷팅",IF(AND(OR(W32="오토컷팅",$W32="파워프레스"),E32<=600),"파워프레스","롤컷팅")) -> 롤컷팅 | J32: =$C$5*D32 -> 0 | K32: =E32*F32/100 -> 0 | L32: =IF($M32="","",INDEX($Z$109:$AC$162,MATCH($M32,$Z$109:$Z$162,0),4)) | N32: =IF($M32="",0,INDEX($Z$109:$AC$162,MATCH($M32,$Z$109:$Z$162,0),3)) -> 0 | O32: =IF($M32="",0,INDEX($Z$109:$AB$162,MATCH($M32,$Z$109:$Z$162,0),2)) -> 0 | Q32: =IF($E32=0,"",IF(OR($P32="",$P32="무점착",$P32="단면TAPE P-100",$P32="H-100"),"미적용",IF(OR($I32="오토컷팅",$I32="파워프레스"),"ROLL","SHEET"))) | S32: =IF($P32="",0,INDEX($Z$167:$AA$212,MATCH($P32,$Z$167:$Z$212,0),2)) -> 0 | V32: =IF($E32=0,0,ROUND(SUM($P74:$S74),1)) -> 0 | W32: =IF($E32=0,"",IF($E32>=601&$H32="직형","롤컷",INDEX($Y$95:$AD$101,MATCH($L32,$Y$95:$Y$101,0),MATCH($G32,$Y$94:$AD$94,-1)))) | X32: =IF($E32=0,0,1%) -> 0 | Y32: =IF($E32=0,0,IF(OR($P32="단면TAPE P-100",$P32="양면TAPE P-200",$P32="SEAT BACK/CUSION 용",$P32="P-300",$P32="P-400",$P32="H-100"),$X32,5%)) -> 0 | Z32: =IF($AQ32>$AT32,$AO32,$AS32) -> 137 | AA32: =IF($AQ32>$AT32,$AP32,$AR32) -> 117 | AB32: =(E32*Z32)+(AM32*2)+(AN32*(Z32-1)) -> 700 | AC32: =(F32*AA32)+(AM32*2)+(AN32*(AA32-1)) -> 600 | AD32: =IF($E32=0,0,INDEX($AI$80:$AJ$109,MATCH($J32,$AI$80:$AI$109,-1),2)) -> 0 | AE32: =IF($E32=0,0,($AB32/$Z32*$AC32/$AA32)/100) -> 0 | AF32: =$AE32 -> 0 | AG32: =$AE32-$K32 -> 0 | AH32: =IF($I32=$AM$81,$Z32*$AA32,IF($I32=$AM$82,$Z32*$AA32*INT(50/G32),IF(AND($I32=$AM$84,$G32<=50),$Z32*$AA32*INT(50/$G32),IF(AND($I32=$AM$84,$G32>50),$Z32*$AA32,0)))) -> #DIV/0! | AI32: =IF($E32=0,0,INT($AP$85/($AE32))) -> 0 | AJ32: =IF($I32="오토컷팅",INT($AP$86/$AF32),IF($I32="파워프레스",INT($AP$87/$AF32),IF($I32="롤컷팅",INT($AP$88/$AF32),0))) -> #DIV/0! | AK32: =VLOOKUP($I32,$AM$81:$AO$84,2,0) -> 600 | AL32: =VLOOKUP($I32,$AM$81:$AO$84,3,0) -> 700 | AM32: =IF(AND($I32="오토컷팅",$E32>=280),0,IF(AND($I32="파워프레스",$E32>=590),0,10)) -> 10 | AN32: =IF($H32="직형",0,5) -> 5 | AO32: =INT(($AK32-$AM32*2+$AN32)/($E32+$AN32)) -> 117 | AP32: =INT(($AL32-$AM32*2+$AN32)/($F32+$AN32)) -> 137 | AQ32: =$AO32*$AP32 -> 16029 | AR32: =INT(($AK32-$AM32*2+$AN32)/($F32+$AN32)) -> 117 | AS32: =INT(($AL32-$AM32*2+$AN32)/($E32+$AN32)) -> 137 | AT32: =$AR32*$AS32 -> 16029 | AU32: =MAX($AQ32,$AT32) -> 16029
A33: 64 | I33: =IF(AND($W33="오토컷팅",E33<=290),"오토컷팅",IF(AND(OR(W33="오토컷팅",$W33="파워프레스"),E33<=600),"파워프레스","롤컷팅")) -> 롤컷팅 | J33: =$C$5*D33 -> 0 | K33: =E33*F33/100 -> 0 | L33: =IF($M33="","",INDEX($Z$109:$AC$162,MATCH($M33,$Z$109:$Z$162,0),4)) | N33: =IF($M33="",0,INDEX($Z$109:$AC$162,MATCH($M33,$Z$109:$Z$162,0),3)) -> 0 | O33: =IF($M33="",0,INDEX($Z$109:$AB$162,MATCH($M33,$Z$109:$Z$162,0),2)) -> 0 | Q33: =IF($E33=0,"",IF(OR($P33="",$P33="무점착",$P33="단면TAPE P-100",$P33="H-100"),"미적용",IF(OR($I33="오토컷팅",$I33="파워프레스"),"ROLL","SHEET"))) | S33: =IF($P33="",0,INDEX($Z$167:$AA$212,MATCH($P33,$Z$167:$Z$212,0),2)) -> 0 | V33: =IF($E33=0,0,ROUND(SUM($P75:$S75),1)) -> 0 | W33: =IF($E33=0,"",IF($E33>=601&$H33="직형","롤컷",INDEX($Y$95:$AD$101,MATCH($L33,$Y$95:$Y$101,0),MATCH($G33,$Y$94:$AD$94,-1)))) | X33: =IF($E33=0,0,1%) -> 0 | Y33: =IF($E33=0,0,IF(OR($P33="단면TAPE P-100",$P33="양면TAPE P-200",$P33="SEAT BACK/CUSION 용",$P33="P-300",$P33="P-400",$P33="H-100"),$X33,5%)) -> 0 | Z33: =IF($AQ33>$AT33,$AO33,$AS33) -> 137 | AA33: =IF($AQ33>$AT33,$AP33,$AR33) -> 117 | AB33: =(E33*Z33)+(AM33*2)+(AN33*(Z33-1)) -> 700 | AC33: =(F33*AA33)+(AM33*2)+(AN33*(AA33-1)) -> 600 | AD33: =IF($E33=0,0,INDEX($AI$80:$AJ$109,MATCH($J33,$AI$80:$AI$109,-1),2)) -> 0 | AE33: =IF($E33=0,0,($AB33/$Z33*$AC33/$AA33)/100) -> 0 | AF33: =$AE33 -> 0 | AG33: =$AE33-$K33 -> 0 | AH33: =IF($I33=$AM$81,$Z33*$AA33,IF($I33=$AM$82,$Z33*$AA33*INT(50/G33),IF(AND($I33=$AM$84,$G33<=50),$Z33*$AA33*INT(50/$G33),IF(AND($I33=$AM$84,$G33>50),$Z33*$AA33,0)))) -> #DIV/0! | AI33: =IF($E33=0,0,INT($AP$85/($AE33))) -> 0 | AJ33: =IF($I33="오토컷팅",INT($AP$86/$AF33),IF($I33="파워프레스",INT($AP$87/$AF33),IF($I33="롤컷팅",INT($AP$88/$AF33),0))) -> #DIV/0! | AK33: =VLOOKUP($I33,$AM$81:$AO$84,2,0) -> 600 | AL33: =VLOOKUP($I33,$AM$81:$AO$84,3,0) -> 700 | AM33: =IF(AND($I33="오토컷팅",$E33>=280),0,IF(AND($I33="파워프레스",$E33>=590),0,10)) -> 10 | AN33: =IF($H33="직형",0,5) -> 5 | AO33: =INT(($AK33-$AM33*2+$AN33)/($E33+$AN33)) -> 117 | AP33: =INT(($AL33-$AM33*2+$AN33)/($F33+$AN33)) -> 137 | AQ33: =$AO33*$AP33 -> 16029 | AR33: =INT(($AK33-$AM33*2+$AN33)/($F33+$AN33)) -> 117 | AS33: =INT(($AL33-$AM33*2+$AN33)/($E33+$AN33)) -> 137 | AT33: =$AR33*$AS33 -> 16029 | AU33: =MAX($AQ33,$AT33) -> 16029
A34: 57 | I34: =IF(AND($W34="오토컷팅",E34<=290),"오토컷팅",IF(AND(OR(W34="오토컷팅",$W34="파워프레스"),E34<=600),"파워프레스","롤컷팅")) -> 롤컷팅 | J34: =$C$5*D34 -> 0 | K34: =E34*F34/100 -> 0 | L34: =IF($M34="","",INDEX($Z$109:$AC$162,MATCH($M34,$Z$109:$Z$162,0),4)) | N34: =IF($M34="",0,INDEX($Z$109:$AC$162,MATCH($M34,$Z$109:$Z$162,0),3)) -> 0 | O34: =IF($M34="",0,INDEX($Z$109:$AB$162,MATCH($M34,$Z$109:$Z$162,0),2)) -> 0 | Q34: =IF($E34=0,"",IF(OR($P34="",$P34="무점착",$P34="단면TAPE P-100",$P34="H-100"),"미적용",IF(OR($I34="오토컷팅",$I34="파워프레스"),"ROLL","SHEET"))) | S34: =IF($P34="",0,INDEX($Z$167:$AA$212,MATCH($P34,$Z$167:$Z$212,0),2)) -> 0 | V34: =IF($E34=0,0,ROUND(SUM($P76:$S76),1)) -> 0 | W34: =IF($E34=0,"",IF($E34>=601&$H34="직형","롤컷",INDEX($Y$95:$AD$101,MATCH($L34,$Y$95:$Y$101,0),MATCH($G34,$Y$94:$AD$94,-1)))) | X34: =IF($E34=0,0,1%) -> 0 | Y34: =IF($E34=0,0,IF(OR($P34="단면TAPE P-100",$P34="양면TAPE P-200",$P34="SEAT BACK/CUSION 용",$P34="P-300",$P34="P-400",$P34="H-100"),$X34,5%)) -> 0 | Z34: =IF($AQ34>$AT34,$AO34,$AS34) -> 137 | AA34: =IF($AQ34>$AT34,$AP34,$AR34) -> 117 | AB34: =(E34*Z34)+(AM34*2)+(AN34*(Z34-1)) -> 700 | AC34: =(F34*AA34)+(AM34*2)+(AN34*(AA34-1)) -> 600 | AD34: =IF($E34=0,0,INDEX($AI$80:$AJ$109,MATCH($J34,$AI$80:$AI$109,-1),2)) -> 0 | AE34: =IF($E34=0,0,($AB34/$Z34*$AC34/$AA34)/100) -> 0 | AF34: =$AE34 -> 0 | AG34: =$AE34-$K34 -> 0 | AH34: =IF($I34=$AM$81,$Z34*$AA34,IF($I34=$AM$82,$Z34*$AA34*INT(50/G34),IF(AND($I34=$AM$84,$G34<=50),$Z34*$AA34*INT(50/$G34),IF(AND($I34=$AM$84,$G34>50),$Z34*$AA34,0)))) -> #DIV/0! | AI34: =IF($E34=0,0,INT($AP$85/($AE34))) -> 0 | AJ34: =IF($I34="오토컷팅",INT($AP$86/$AF34),IF($I34="파워프레스",INT($AP$87/$AF34),IF($I34="롤컷팅",INT($AP$88/$AF34),0))) -> #DIV/0! | AK34: =VLOOKUP($I34,$AM$81:$AO$84,2,0) -> 600 | AL34: =VLOOKUP($I34,$AM$81:$AO$84,3,0) -> 700 | AM34: =IF(AND($I34="오토컷팅",$E34>=280),0,IF(AND($I34="파워프레스",$E34>=590),0,10)) -> 10 | AN34: =IF($H34="직형",0,5) -> 5 | AO34: =INT(($AK34-$AM34*2+$AN34)/($E34+$AN34)) -> 117 | AP34: =INT(($AL34-$AM34*2+$AN34)/($F34+$AN34)) -> 137 | AQ34: =$AO34*$AP34 -> 16029 | AR34: =INT(($AK34-$AM34*2+$AN34)/($F34+$AN34)) -> 117 | AS34: =INT(($AL34-$AM34*2+$AN34)/($E34+$AN34)) -> 137 | AT34: =$AR34*$AS34 -> 16029 | AU34: =MAX($AQ34,$AT34) -> 16029
A35: 48 | I35: =IF(AND($W35="오토컷팅",E35<=290),"오토컷팅",IF(AND(OR(W35="오토컷팅",$W35="파워프레스"),E35<=600),"파워프레스","롤컷팅")) -> 롤컷팅 | J35: =$C$5*D35 -> 0 | K35: =E35*F35/100 -> 0 | L35: =IF($M35="","",INDEX($Z$109:$AC$162,MATCH($M35,$Z$109:$Z$162,0),4)) | N35: =IF($M35="",0,INDEX($Z$109:$AC$162,MATCH($M35,$Z$109:$Z$162,0),3)) -> 0 | O35: =IF($M35="",0,INDEX($Z$109:$AB$162,MATCH($M35,$Z$109:$Z$162,0),2)) -> 0 | Q35: =IF($E35=0,"",IF(OR($P35="",$P35="무점착",$P35="단면TAPE P-100",$P35="H-100"),"미적용",IF(OR($I35="오토컷팅",$I35="파워프레스"),"ROLL","SHEET"))) | S35: =IF($P35="",0,INDEX($Z$167:$AA$212,MATCH($P35,$Z$167:$Z$212,0),2)) -> 0 | V35: =IF($E35=0,0,ROUND(SUM($P77:$S77),1)) -> 0 | W35: =IF($E35=0,"",IF($E35>=601&$H35="직형","롤컷",INDEX($Y$95:$AD$101,MATCH($L35,$Y$95:$Y$101,0),MATCH($G35,$Y$94:$AD$94,-1)))) | X35: =IF($E35=0,0,1%) -> 0 | Y35: =IF($E35=0,0,IF(OR($P35="단면TAPE P-100",$P35="양면TAPE P-200",$P35="SEAT BACK/CUSION 용",$P35="P-300",$P35="P-400",$P35="H-100"),$X35,5%)) -> 0 | Z35: =IF($AQ35>$AT35,$AO35,$AS35) -> 137 | AA35: =IF($AQ35>$AT35,$AP35,$AR35) -> 117 | AB35: =(E35*Z35)+(AM35*2)+(AN35*(Z35-1)) -> 700 | AC35: =(F35*AA35)+(AM35*2)+(AN35*(AA35-1)) -> 600 | AD35: =IF($E35=0,0,INDEX($AI$80:$AJ$109,MATCH($J35,$AI$80:$AI$109,-1),2)) -> 0 | AE35: =IF($E35=0,0,($AB35/$Z35*$AC35/$AA35)/100) -> 0 | AF35: =$AE35 -> 0 | AG35: =$AE35-$K35 -> 0 | AH35: =IF($I35=$AM$81,$Z35*$AA35,IF($I35=$AM$82,$Z35*$AA35*INT(50/G35),IF(AND($I35=$AM$84,$G35<=50),$Z35*$AA35*INT(50/$G35),IF(AND($I35=$AM$84,$G35>50),$Z35*$AA35,0)))) -> #DIV/0! | AI35: =IF($E35=0,0,INT($AP$85/($AE35))) -> 0 | AJ35: =IF($I35="오토컷팅",INT($AP$86/$AF35),IF($I35="파워프레스",INT($AP$87/$AF35),IF($I35="롤컷팅",INT($AP$88/$AF35),0))) -> #DIV/0! | AK35: =VLOOKUP($I35,$AM$81:$AO$84,2,0) -> 600 | AL35: =VLOOKUP($I35,$AM$81:$AO$84,3,0) -> 700 | AM35: =IF(AND($I35="오토컷팅",$E35>=280),0,IF(AND($I35="파워프레스",$E35>=590),0,10)) -> 10 | AN35: =IF($H35="직형",0,5) -> 5 | AO35: =INT(($AK35-$AM35*2+$AN35)/($E35+$AN35)) -> 117 | AP35: =INT(($AL35-$AM35*2+$AN35)/($F35+$AN35)) -> 137 | AQ35: =$AO35*$AP35 -> 16029 | AR35: =INT(($AK35-$AM35*2+$AN35)/($F35+$AN35)) -> 117 | AS35: =INT(($AL35-$AM35*2+$AN35)/($E35+$AN35)) -> 137 | AT35: =$AR35*$AS35 -> 16029 | AU35: =MAX($AQ35,$AT35) -> 16029
A36: 37 | I36: =IF(AND($W36="오토컷팅",E36<=290),"오토컷팅",IF(AND(OR(W36="오토컷팅",$W36="파워프레스"),E36<=600),"파워프레스","롤컷팅")) -> 롤컷팅 | J36: =$C$5*D36 -> 0 | K36: =E36*F36/100 -> 0 | L36: =IF($M36="","",INDEX($Z$109:$AC$162,MATCH($M36,$Z$109:$Z$162,0),4)) | N36: =IF($M36="",0,INDEX($Z$109:$AC$162,MATCH($M36,$Z$109:$Z$162,0),3)) -> 0 | O36: =IF($M36="",0,INDEX($Z$109:$AB$162,MATCH($M36,$Z$109:$Z$162,0),2)) -> 0 | Q36: =IF($E36=0,"",IF(OR($P36="",$P36="무점착",$P36="단면TAPE P-100",$P36="H-100"),"미적용",IF(OR($I36="오토컷팅",$I36="파워프레스"),"ROLL","SHEET"))) | S36: =IF($P36="",0,INDEX($Z$167:$AA$212,MATCH($P36,$Z$167:$Z$212,0),2)) -> 0 | V36: =IF($E36=0,0,ROUND(SUM($P78:$S78),1)) -> 0 | W36: =IF($E36=0,"",IF($E36>=601&$H36="직형","롤컷",INDEX($Y$95:$AD$101,MATCH($L36,$Y$95:$Y$101,0),MATCH($G36,$Y$94:$AD$94,-1)))) | X36: =IF($E36=0,0,1%) -> 0 | Y36: =IF($E36=0,0,IF(OR($P36="단면TAPE P-100",$P36="양면TAPE P-200",$P36="SEAT BACK/CUSION 용",$P36="P-300",$P36="P-400",$P36="H-100"),$X36,5%)) -> 0 | Z36: =IF($AQ36>$AT36,$AO36,$AS36) -> 137 | AA36: =IF($AQ36>$AT36,$AP36,$AR36) -> 117 | AB36: =(E36*Z36)+(AM36*2)+(AN36*(Z36-1)) -> 700 | AC36: =(F36*AA36)+(AM36*2)+(AN36*(AA36-1)) -> 600 | AD36: =IF($E36=0,0,INDEX($AI$80:$AJ$109,MATCH($J36,$AI$80:$AI$109,-1),2)) -> 0 | AE36: =IF($E36=0,0,($AB36/$Z36*$AC36/$AA36)/100) -> 0 | AF36: =$AE36 -> 0 | AG36: =$AE36-$K36 -> 0 | AH36: =IF($I36=$AM$81,$Z36*$AA36,IF($I36=$AM$82,$Z36*$AA36*INT(50/G36),IF(AND($I36=$AM$84,$G36<=50),$Z36*$AA36*INT(50/$G36),IF(AND($I36=$AM$84,$G36>50),$Z36*$AA36,0)))) -> #DIV/0! | AI36: =IF($E36=0,0,INT($AP$85/($AE36))) -> 0 | AJ36: =IF($I36="오토컷팅",INT($AP$86/$AF36),IF($I36="파워프레스",INT($AP$87/$AF36),IF($I36="롤컷팅",INT($AP$88/$AF36),0))) -> #DIV/0! | AK36: =VLOOKUP($I36,$AM$81:$AO$84,2,0) -> 600 | AL36: =VLOOKUP($I36,$AM$81:$AO$84,3,0) -> 700 | AM36: =IF(AND($I36="오토컷팅",$E36>=280),0,IF(AND($I36="파워프레스",$E36>=590),0,10)) -> 10 | AN36: =IF($H36="직형",0,5) -> 5 | AO36: =INT(($AK36-$AM36*2+$AN36)/($E36+$AN36)) -> 117 | AP36: =INT(($AL36-$AM36*2+$AN36)/($F36+$AN36)) -> 137 | AQ36: =$AO36*$AP36 -> 16029 | AR36: =INT(($AK36-$AM36*2+$AN36)/($F36+$AN36)) -> 117 | AS36: =INT(($AL36-$AM36*2+$AN36)/($E36+$AN36)) -> 137 | AT36: =$AR36*$AS36 -> 16029 | AU36: =MAX($AQ36,$AT36) -> 16029
A37: 55 | I37: =IF(AND($W37="오토컷팅",E37<=290),"오토컷팅",IF(AND(OR(W37="오토컷팅",$W37="파워프레스"),E37<=600),"파워프레스","롤컷팅")) -> 롤컷팅 | J37: =$C$5*D37 -> 0 | K37: =E37*F37/100 -> 0 | L37: =IF($M37="","",INDEX($Z$109:$AC$162,MATCH($M37,$Z$109:$Z$162,0),4)) | N37: =IF($M37="",0,INDEX($Z$109:$AC$162,MATCH($M37,$Z$109:$Z$162,0),3)) -> 0 | O37: =IF($M37="",0,INDEX($Z$109:$AB$162,MATCH($M37,$Z$109:$Z$162,0),2)) -> 0 | Q37: =IF($E37=0,"",IF(OR($P37="",$P37="무점착",$P37="단면TAPE P-100",$P37="H-100"),"미적용",IF(OR($I37="오토컷팅",$I37="파워프레스"),"ROLL","SHEET"))) | S37: =IF($P37="",0,INDEX($Z$167:$AA$212,MATCH($P37,$Z$167:$Z$212,0),2)) -> 0 | V37: =IF($E37=0,0,ROUND(SUM($P79:$S79),1)) -> 0 | W37: =IF($E37=0,"",IF($E37>=601&$H37="직형","롤컷",INDEX($Y$95:$AD$101,MATCH($L37,$Y$95:$Y$101,0),MATCH($G37,$Y$94:$AD$94,-1)))) | X37: =IF($E37=0,0,1%) -> 0 | Y37: =IF($E37=0,0,IF(OR($P37="단면TAPE P-100",$P37="양면TAPE P-200",$P37="SEAT BACK/CUSION 용",$P37="P-300",$P37="P-400",$P37="H-100"),$X37,5%)) -> 0 | Z37: =IF($AQ37>$AT37,$AO37,$AS37) -> 137 | AA37: =IF($AQ37>$AT37,$AP37,$AR37) -> 117 | AB37: =(E37*Z37)+(AM37*2)+(AN37*(Z37-1)) -> 700 | AC37: =(F37*AA37)+(AM37*2)+(AN37*(AA37-1)) -> 600 | AD37: =IF($E37=0,0,INDEX($AI$80:$AJ$109,MATCH($J37,$AI$80:$AI$109,-1),2)) -> 0 | AE37: =IF($E37=0,0,($AB37/$Z37*$AC37/$AA37)/100) -> 0 | AF37: =$AE37 -> 0 | AG37: =$AE37-$K37 -> 0 | AH37: =IF($I37=$AM$81,$Z37*$AA37,IF($I37=$AM$82,$Z37*$AA37*INT(50/G37),IF(AND($I37=$AM$84,$G37<=50),$Z37*$AA37*INT(50/$G37),IF(AND($I37=$AM$84,$G37>50),$Z37*$AA37,0)))) -> #DIV/0! | AI37: =IF($E37=0,0,INT($AP$85/($AE37))) -> 0 | AJ37: =IF($I37="오토컷팅",INT($AP$86/$AF37),IF($I37="파워프레스",INT($AP$87/$AF37),IF($I37="롤컷팅",INT($AP$88/$AF37),0))) -> #DIV/0! | AK37: =VLOOKUP($I37,$AM$81:$AO$84,2,0) -> 600 | AL37: =VLOOKUP($I37,$AM$81:$AO$84,3,0) -> 700 | AM37: =IF(AND($I37="오토컷팅",$E37>=280),0,IF(AND($I37="파워프레스",$E37>=590),0,10)) -> 10 | AN37: =IF($H37="직형",0,5) -> 5 | AO37: =INT(($AK37-$AM37*2+$AN37)/($E37+$AN37)) -> 117 | AP37: =INT(($AL37-$AM37*2+$AN37)/($F37+$AN37)) -> 137 | AQ37: =$AO37*$AP37 -> 16029 | AR37: =INT(($AK37-$AM37*2+$AN37)/($F37+$AN37)) -> 117 | AS37: =INT(($AL37-$AM37*2+$AN37)/($E37+$AN37)) -> 137 | AT37: =$AR37*$AS37 -> 16029 | AU37: =MAX($AQ37,$AT37) -> 16029
A38: 85 | I38: =IF(AND($W38="오토컷팅",E38<=290),"오토컷팅",IF(AND(OR(W38="오토컷팅",$W38="파워프레스"),E38<=600),"파워프레스","롤컷팅")) -> 롤컷팅 | J38: =$C$5*D38 -> 0 | K38: =E38*F38/100 -> 0 | L38: =IF($M38="","",INDEX($Z$109:$AC$162,MATCH($M38,$Z$109:$Z$162,0),4)) | N38: =IF($M38="",0,INDEX($Z$109:$AC$162,MATCH($M38,$Z$109:$Z$162,0),3)) -> 0 | O38: =IF($M38="",0,INDEX($Z$109:$AB$162,MATCH($M38,$Z$109:$Z$162,0),2)) -> 0 | Q38: =IF($E38=0,"",IF(OR($P38="",$P38="무점착",$P38="단면TAPE P-100",$P38="H-100"),"미적용",IF(OR($I38="오토컷팅",$I38="파워프레스"),"ROLL","SHEET"))) | S38: =IF($P38="",0,INDEX($Z$167:$AA$212,MATCH($P38,$Z$167:$Z$212,0),2)) -> 0 | V38: =IF($E38=0,0,ROUND(SUM($P80:$S80),1)) -> 0 | W38: =IF($E38=0,"",IF($E38>=601&$H38="직형","롤컷",INDEX($Y$95:$AD$101,MATCH($L38,$Y$95:$Y$101,0),MATCH($G38,$Y$94:$AD$94,-1)))) | X38: =IF($E38=0,0,1%) -> 0 | Y38: =IF($E38=0,0,IF(OR($P38="단면TAPE P-100",$P38="양면TAPE P-200",$P38="SEAT BACK/CUSION 용",$P38="P-300",$P38="P-400",$P38="H-100"),$X38,5%)) -> 0 | Z38: =IF($AQ38>$AT38,$AO38,$AS38) -> 137 | AA38: =IF($AQ38>$AT38,$AP38,$AR38) -> 117 | AB38: =(E38*Z38)+(AM38*2)+(AN38*(Z38-1)) -> 700 | AC38: =(F38*AA38)+(AM38*2)+(AN38*(AA38-1)) -> 600 | AD38: =IF($E38=0,0,INDEX($AI$80:$AJ$109,MATCH($J38,$AI$80:$AI$109,-1),2)) -> 0 | AE38: =IF($E38=0,0,($AB38/$Z38*$AC38/$AA38)/100) -> 0 | AF38: =$AE38 -> 0 | AG38: =$AE38-$K38 -> 0 | AH38: =IF($I38=$AM$81,$Z38*$AA38,IF($I38=$AM$82,$Z38*$AA38*INT(50/G38),IF(AND($I38=$AM$84,$G38<=50),$Z38*$AA38*INT(50/$G38),IF(AND($I38=$AM$84,$G38>50),$Z38*$AA38,0)))) -> #DIV/0! | AI38: =IF($E38=0,0,INT($AP$85/($AE38))) -> 0 | AJ38: =IF($I38="오토컷팅",INT($AP$86/$AF38),IF($I38="파워프레스",INT($AP$87/$AF38),IF($I38="롤컷팅",INT($AP$88/$AF38),0))) -> #DIV/0! | AK38: =VLOOKUP($I38,$AM$81:$AO$84,2,0) -> 600 | AL38: =VLOOKUP($I38,$AM$81:$AO$84,3,0) -> 700 | AM38: =IF(AND($I38="오토컷팅",$E38>=280),0,IF(AND($I38="파워프레스",$E38>=590),0,10)) -> 10 | AN38: =IF($H38="직형",0,5) -> 5 | AO38: =INT(($AK38-$AM38*2+$AN38)/($E38+$AN38)) -> 117 | AP38: =INT(($AL38-$AM38*2+$AN38)/($F38+$AN38)) -> 137 | AQ38: =$AO38*$AP38 -> 16029 | AR38: =INT(($AK38-$AM38*2+$AN38)/($F38+$AN38)) -> 117 | AS38: =INT(($AL38-$AM38*2+$AN38)/($E38+$AN38)) -> 137 | AT38: =$AR38*$AS38 -> 16029 | AU38: =MAX($AQ38,$AT38) -> 16029
A39: 76 | I39: =IF(AND($W39="오토컷팅",E39<=290),"오토컷팅",IF(AND(OR(W39="오토컷팅",$W39="파워프레스"),E39<=600),"파워프레스","롤컷팅")) -> 롤컷팅 | J39: =$C$5*D39 -> 0 | K39: =E39*F39/100 -> 0 | L39: =IF($M39="","",INDEX($Z$109:$AC$162,MATCH($M39,$Z$109:$Z$162,0),4)) | N39: =IF($M39="",0,INDEX($Z$109:$AC$162,MATCH($M39,$Z$109:$Z$162,0),3)) -> 0 | O39: =IF($M39="",0,INDEX($Z$109:$AB$162,MATCH($M39,$Z$109:$Z$162,0),2)) -> 0 | Q39: =IF($E39=0,"",IF(OR($P39="",$P39="무점착",$P39="단면TAPE P-100",$P39="H-100"),"미적용",IF(OR($I39="오토컷팅",$I39="파워프레스"),"ROLL","SHEET"))) | S39: =IF($P39="",0,INDEX($Z$167:$AA$212,MATCH($P39,$Z$167:$Z$212,0),2)) -> 0 | V39: =IF($E39=0,0,ROUND(SUM($P81:$S81),1)) -> 0 | W39: =IF($E39=0,"",IF($E39>=601&$H39="직형","롤컷",INDEX($Y$95:$AD$101,MATCH($L39,$Y$95:$Y$101,0),MATCH($G39,$Y$94:$AD$94,-1)))) | X39: =IF($E39=0,0,1%) -> 0 | Y39: =IF($E39=0,0,IF(OR($P39="단면TAPE P-100",$P39="양면TAPE P-200",$P39="SEAT BACK/CUSION 용",$P39="P-300",$P39="P-400",$P39="H-100"),$X39,5%)) -> 0 | Z39: =IF($AQ39>$AT39,$AO39,$AS39) -> 137 | AA39: =IF($AQ39>$AT39,$AP39,$AR39) -> 117 | AB39: =(E39*Z39)+(AM39*2)+(AN39*(Z39-1)) -> 700 | AC39: =(F39*AA39)+(AM39*2)+(AN39*(AA39-1)) -> 600 | AD39: =IF($E39=0,0,INDEX($AI$80:$AJ$109,MATCH($J39,$AI$80:$AI$109,-1),2)) -> 0 | AE39: =IF($E39=0,0,($AB39/$Z39*$AC39/$AA39)/100) -> 0 | AF39: =$AE39 -> 0 | AG39: =$AE39-$K39 -> 0 | AH39: =IF($I39=$AM$81,$Z39*$AA39,IF($I39=$AM$82,$Z39*$AA39*INT(50/G39),IF(AND($I39=$AM$84,$G39<=50),$Z39*$AA39*INT(50/$G39),IF(AND($I39=$AM$84,$G39>50),$Z39*$AA39,0)))) -> #DIV/0! | AI39: =IF($E39=0,0,INT($AP$85/($AE39))) -> 0 | AJ39: =IF($I39="오토컷팅",INT($AP$86/$AF39),IF($I39="파워프레스",INT($AP$87/$AF39),IF($I39="롤컷팅",INT($AP$88/$AF39),0))) -> #DIV/0! | AK39: =VLOOKUP($I39,$AM$81:$AO$84,2,0) -> 600 | AL39: =VLOOKUP($I39,$AM$81:$AO$84,3,0) -> 700 | AM39: =IF(AND($I39="오토컷팅",$E39>=280),0,IF(AND($I39="파워프레스",$E39>=590),0,10)) -> 10 | AN39: =IF($H39="직형",0,5) -> 5 | AO39: =INT(($AK39-$AM39*2+$AN39)/($E39+$AN39)) -> 117 | AP39: =INT(($AL39-$AM39*2+$AN39)/($F39+$AN39)) -> 137 | AQ39: =$AO39*$AP39 -> 16029 | AR39: =INT(($AK39-$AM39*2+$AN39)/($F39+$AN39)) -> 117 | AS39: =INT(($AL39-$AM39*2+$AN39)/($E39+$AN39)) -> 137 | AT39: =$AR39*$AS39 -> 16029 | AU39: =MAX($AQ39,$AT39) -> 16029
A41: 2]계산결과
A43: S/N | B43: 재료비 | E43: 가공비 | M43: 재료관리비(2%) | N43: 일반관리비 | O43: 이윤 | P43: 총원가 | Q43: 상각비 | R43: 기타비 (산폐비외) | S43: 라미비 | T43: 형구비 | U43: 상각수량 | V43: 비고 | W43: 임율 | X43: 전테이핑 | AD43: 재단 | AJ43: 형상컷팅 | AP43: 버티컬컷팅 | AU43: 기타가공
B44: 스폰지 | C44: 테이프 | D44: 합계 | E44: 전테이핑 | F44: 재단 | G44: 형상컷팅 | H44: 버티컬 | I44: 트리밍 | J44: 후테이핑 | K44: 포장 | L44: 합계 | T44: (천원) | U44: (개) | W44: (\/hr) | X44: Net C/Time | Y44: Cavity | Z44: 준비시간 | AA44: LOT | AB44: 인원 | AC44: 직접경비 | AD44: Net C/Time | AE44: Cavity | AF44: 준비시간 | AG44: LOT | AH44: 인원 | AI44: 직접경비 | AJ44: Net C/Time | AK44: Cavity | AL44: 준비시간 | AM44: LOT | AN44: 인원 | AO44: 직접경비 | AP44: Net C/Time | AQ44: 준비시간 | AR44: LOT | AS44: 인원 | AT44: 직접경비 | AU44: 트리밍 | AV44: 후테이핑 | AW44: 포장
A45: 1 | B45: =$AE10*$G10*$N10/10000*(1+$X10) -> 0.41082193 | C45: =$AE10*$S10/10000*(1+$Y10) -> 2.9701636 | D45: =$B45+$C45 -> 3.3809855 | E45: =IF($X45=0,0,($X45*1.1/$Y45+$Z45/$AA45)*($W45/3600*$AB45+$AC45/3600*(1+$M$5))) -> 0.57050814 | F45: =IF($AD45=0,0,($AD45*1.1/$AE45+$AF45/$AG45)*($W45/3600*$AH45+$AI45/3600*(1+$M$5))) -> 0.97811034 | G45: =IF($AJ45=0,0,($AJ45*1.1/$AK45+$AL45/$AM45)*($W45/3600*$AN45+$AO45/3600*(1+$M$5))) -> 2.4950696 | H45: =IF($AP45=0,0,($AP45*1.1+$AQ45/$AR45)*($W45/3600*$AS45+$AT45/3600*(1+M$5))) -> 0 | I45: =IF($AU45=0,0,$AU45*1.1)*($W45/3600) -> 0 | J45: =IF($AV45=0,0,$AV45*1.11)*($W45/3600) -> 0 | K45: =IF($AW45=0,0,$AW45*1.1)*($W45/3600) -> 9.9 | L45: =SUM($E45:$K45) -> 13.943688 | M45: =$D45*2% -> 0.06761971 | N45: =$L45*$N$5 -> 3.6910049 | O45: =($N45+$L45)*15% -> 2.6452039 | P45: =$D45+$L45+SUM($M45:$O45) -> 23.728502 | Q45: =IF(OR($T45=0,$U45=0),0,$T45*1000/$U45) -> 0 | R45: =((AE10-K10)*X10)*G10*O10*170/1000 -> 0.00050138105 | T45: 0 | W45: =IF($E10=0,0,$L$5) -> 21600 | X45: =IF(OR($E10=0,$Q10="미적용",$M10="Tape only"),0,INDEX($Y$80:$AH$81,MATCH($Q10,$Y$80:$Y$81,0),9)) -> 3 | Y45: =$AI10 -> 641 | Z45: =IF($E10=0,0,IF($Q10="ROLL",$AH$80,$AH$81)) -> 300 | AA45: =$AD10 -> 12000 | AB45: =IF($E10=0,0,IF($Q10="ROLL",$Z$80,$Z$81)) -> 3 | AC45: =IF($E10=0,0,IF($Q10="ROLL",$AE$80,$AE$81)) -> 1943.3 | AD45: =IF($E10=0,0,IF($I10="오토컷팅",$AG$82,IF(OR($I10="롤컷팅",$I10="롤컷팅"),$AG$84,$AG$83))) -> 2.6 | AE45: =$AJ10 -> 457 | AF45: =IF($E10=0,0,IF($I10="오토컷팅",$AH$82,IF(OR($I10="롤컷팅",$I10="롤컷팅"),$AH$84,$AH$83))) -> 900 | AG45: =$AD10 -> 12000 | AH45: =IF($E10=0,0,IF($I10="오토컷팅",$Z$82,IF(OR($I10="롤컷팅",$I10="롤컷팅"),$Z$84,$Z$83))) -> 2 | AI45: =IF($E10=0,0,IF($I10="오토컷팅",$AE$82,IF(OR($I10="롤컷팅",$I10="롤컷팅"),$AE$84,$AE$83))) -> 78 | AJ45: =IF($E10=0,0,INDEX($Y$80:$AH$91,MATCH($I10,$Y$80:$Y$91,0),9)) -> 3.6 | AK45: =$AH10 -> 11 | AL45: =IF($E10=0,0,INDEX($Y$80:$AH$91,MATCH($I10,$Y$80:$Y$91,0),10)) -> 600 | AM45: =$AD10 -> 12000 | AN45: =IF($E10=0,0,INDEX($Y$80:$AH$91,MATCH($I10,$Y$80:$Y$91,0),2)) -> 1 | AO45: =IF($E10=0,0,INDEX($Y$80:$AH$91,MATCH($I10,$Y$80:$Y$91,0),7)) -> 180 | AP45: =IF($U10=0,0,5+(0.8*$U10)) -> 0 | AQ45: =IF($U10=0,0,$AH$88) -> 0 | AR45: =IF($U10=0,0,$AD10) -> 0 | AS45: =IF($U10=0,0,1) -> 0 | AT45: =IF($U10=0,0,$AE$88) -> 0 | AU45: =IF($T10=0,0,2*$T10) -> 0 | AV45: =IF($R10=0,0,6*$R10) -> 0 | AW45: =IF($E10=0,0,IF($AE10<=10,1,IF($AE10<=40,1.5,IF($AE10<=170,2,IF($AE10>170,3,0))))) -> 1.5
A46: 3 | B46: =$AE11*$G11*$N11/10000*(1+$X11) -> 0.58123889 | C46: =$AE11*$S11/10000*(1+$Y11) -> 3.8894999 | D46: =$B46+$C46 -> 4.4707388 | E46: =IF($X46=0,0,($X46*1.1/$Y46+$Z46/$AA46)*($W46/3600*$AB46+$AC46/3600*(1+$M$5))) -> 0.83733374 | F46: =IF($AD46=0,0,($AD46*1.1/$AE46+$AF46/$AG46)*($W46/3600*$AH46+$AI46/3600*(1+$M$5))) -> 1.4528117 | G46: =IF($AJ46=0,0,($AJ46*1.1/$AK46+$AL46/$AM46)*($W46/3600*$AN46+$AO46/3600*(1+$M$5))) -> 1.420364 | H46: =IF($AP46=0,0,($AP46*1.1+$AQ46/$AR46)*($W46/3600*$AS46+$AT46/3600*(1+M$5))) -> 0 | I46: =IF($AU46=0,0,$AU46*1.1)*($W46/3600) -> 0 | J46: =IF($AV46=0,0,$AV46*1.11)*($W46/3600) -> 0 | K46: =IF($AW46=0,0,$AW46*1.1)*($W46/3600) -> 9.9 | L46: =SUM($E46:$K46) -> 13.610509 | M46: =$D46*2% -> 0.089414776 | N46: =$L46*$N$5 -> 3.6028098 | O46: =($N46+$L46)*15% -> 2.5819979 | P46: =$D46+$L46+SUM($M46:$O46) -> 24.355471 | Q46: =IF(OR($T46=0,$U46=0),0,$T46*1000/$U46) -> 0 | R46: =((AE11-K11)*X11)*G11*O11*170/1000 -> 0.0003089673 | T46: 0 | W46: =IF($E11=0,0,$L$5) -> 21600 | X46: =IF(OR($E11=0,$Q11="미적용",$M11="Tape only"),0,INDEX($Y$80:$AH$81,MATCH($Q11,$Y$80:$Y$81,0),9)) -> 3 | Y46: =$AI11 -> 489 | Z46: =IF($E11=0,0,IF($Q11="ROLL",$AH$80,$AH$81)) -> 300 | AA46: =$AD11 -> 8000 | AB46: =IF($E11=0,0,IF($Q11="ROLL",$Z$80,$Z$81)) -> 3 | AC46: =IF($E11=0,0,IF($Q11="ROLL",$AE$80,$AE$81)) -> 1943.3 | AD46: =IF($E11=0,0,IF($I11="오토컷팅",$AG$82,IF(OR($I11="롤컷팅",$I11="롤컷팅"),$AG$84,$AG$83))) -> 2.6 | AE46: =$AJ11 -> 349 | AF46: =IF($E11=0,0,IF($I11="오토컷팅",$AH$82,IF(OR($I11="롤컷팅",$I11="롤컷팅"),$AH$84,$AH$83))) -> 900 | AG46: =$AD11 -> 8000 | AH46: =IF($E11=0,0,IF($I11="오토컷팅",$Z$82,IF(OR($I11="롤컷팅",$I11="롤컷팅"),$Z$84,$Z$83))) -> 2 | AI46: =IF($E11=0,0,IF($I11="오토컷팅",$AE$82,IF(OR($I11="롤컷팅",$I11="롤컷팅"),$AE$84,$AE$83))) -> 78 | AJ46: =IF($E11=0,0,INDEX($Y$80:$AH$91,MATCH($I11,$Y$80:$Y$91,0),9)) -> 3.6 | AK46: =$AH11 -> 25 | AL46: =IF($E11=0,0,INDEX($Y$80:$AH$91,MATCH($I11,$Y$80:$Y$91,0),10)) -> 600 | AM46: =$AD11 -> 8000 | AN46: =IF($E11=0,0,INDEX($Y$80:$AH$91,MATCH($I11,$Y$80:$Y$91,0),2)) -> 1 | AO46: =IF($E11=0,0,INDEX($Y$80:$AH$91,MATCH($I11,$Y$80:$Y$91,0),7)) -> 180 | AP46: =IF($U11=0,0,5+(0.8*$U11)) -> 0 | AQ46: =IF($U11=0,0,$AH$88) -> 0 | AR46: =IF($U11=0,0,$AD11) -> 0 | AS46: =IF($U11=0,0,1) -> 0 | AT46: =IF($U11=0,0,$AE$88) -> 0 | AU46: =IF($T11=0,0,2*$T11) -> 0 | AV46: =IF($R11=0,0,6*$R11) -> 0 | AW46: =IF($E11=0,0,IF($AE11<=10,1,IF($AE11<=40,1.5,IF($AE11<=170,2,IF($AE11>170,3,0))))) -> 1.5
A47: 6 | B47: =$AE12*$G12*$N12/10000*(1+$X12) -> 0.38788606 | C47: =$AE12*$S12/10000*(1+$Y12) -> 2.6177815 | D47: =$B47+$C47 -> 3.0056676 | E47: =IF($X47=0,0,($X47*1.1/$Y47+$Z47/$AA47)*($W47/3600*$AB47+$AC47/3600*(1+$M$5))) -> 0.79552684 | F47: =IF($AD47=0,0,($AD47*1.1/$AE47+$AF47/$AG47)*($W47/3600*$AH47+$AI47/3600*(1+$M$5))) -> 1.4205013 | G47: =IF($AJ47=0,0,($AJ47*1.1/$AK47+$AL47/$AM47)*($W47/3600*$AN47+$AO47/3600*(1+$M$5))) -> 1.1258241 | H47: =IF($AP47=0,0,($AP47*1.1+$AQ47/$AR47)*($W47/3600*$AS47+$AT47/3600*(1+M$5))) -> 0 | I47: =IF($AU47=0,0,$AU47*1.1)*($W47/3600) -> 0 | J47: =IF($AV47=0,0,$AV47*1.11)*($W47/3600) -> 0 | K47: =IF($AW47=0,0,$AW47*1.1)*($W47/3600) -> 6.6 | L47: =SUM($E47:$K47) -> 9.9418522 | M47: =$D47*2% -> 0.060113352 | N47: =$L47*$N$5 -> 2.6316871 | O47: =($N47+$L47)*15% -> 1.8860309 | P47: =$D47+$L47+SUM($M47:$O47) -> 17.525351 | Q47: =IF(OR($T47=0,$U47=0),0,$T47*1000/$U47) -> 0 | R47: =((AE12-K12)*X12)*G12*O12*170/1000 -> 0.00021329785 | T47: 0 | W47: =IF($E12=0,0,$L$5) -> 21600 | X47: =IF(OR($E12=0,$Q12="미적용",$M12="Tape only"),0,INDEX($Y$80:$AH$81,MATCH($Q12,$Y$80:$Y$81,0),9)) -> 3 | Y47: =$AI12 -> 727 | Z47: =IF($E12=0,0,IF($Q12="ROLL",$AH$80,$AH$81)) -> 300 | AA47: =$AD12 -> 8000 | AB47: =IF($E12=0,0,IF($Q12="ROLL",$Z$80,$Z$81)) -> 3 | AC47: =IF($E12=0,0,IF($Q12="ROLL",$AE$80,$AE$81)) -> 1943.3 | AD47: =IF($E12=0,0,IF($I12="오토컷팅",$AG$82,IF(OR($I12="롤컷팅",$I12="롤컷팅"),$AG$84,$AG$83))) -> 2.6 | AE47: =$AJ12 -> 519 | AF47: =IF($E12=0,0,IF($I12="오토컷팅",$AH$82,IF(OR($I12="롤컷팅",$I12="롤컷팅"),$AH$84,$AH$83))) -> 900 | AG47: =$AD12 -> 8000 | AH47: =IF($E12=0,0,IF($I12="오토컷팅",$Z$82,IF(OR($I12="롤컷팅",$I12="롤컷팅"),$Z$84,$Z$83))) -> 2 | AI47: =IF($E12=0,0,IF($I12="오토컷팅",$AE$82,IF(OR($I12="롤컷팅",$I12="롤컷팅"),$AE$84,$AE$83))) -> 78 | AJ47: =IF($E12=0,0,INDEX($Y$80:$AH$91,MATCH($I12,$Y$80:$Y$91,0),9)) -> 3.6 | AK47: =$AH12 -> 36 | AL47: =IF($E12=0,0,INDEX($Y$80:$AH$91,MATCH($I12,$Y$80:$Y$91,0),10)) -> 600 | AM47: =$AD12 -> 8000 | AN47: =IF($E12=0,0,INDEX($Y$80:$AH$91,MATCH($I12,$Y$80:$Y$91,0),2)) -> 1 | AO47: =IF($E12=0,0,INDEX($Y$80:$AH$91,MATCH($I12,$Y$80:$Y$91,0),7)) -> 180 | AP47: =IF($U12=0,0,5+(0.8*$U12)) -> 0 | AQ47: =IF($U12=0,0,$AH$88) -> 0 | AR47: =IF($U12=0,0,$AD12) -> 0 | AS47: =IF($U12=0,0,1) -> 0 | AT47: =IF($U12=0,0,$AE$88) -> 0 | AU47: =IF($T12=0,0,2*$T12) -> 0 | AV47: =IF($R12=0,0,6*$R12) -> 0 | AW47: =IF($E12=0,0,IF($AE12<=10,1,IF($AE12<=40,1.5,IF($AE12<=170,2,IF($AE12>170,3,0))))) -> 1
A48: 9 | B48: =$AE13*$G13*$N13/10000*(1+$X13) -> 0 | C48: =$AE13*$S13/10000*(1+$Y13) -> 0 | D48: =$B48+$C48 -> 0 | E48: =IF($X48=0,0,($X48*1.1/$Y48+$Z48/$AA48)*($W48/3600*$AB48+$AC48/3600*(1+$M$5))) -> 0 | F48: =IF($AD48=0,0,($AD48*1.1/$AE48+$AF48/$AG48)*($W48/3600*$AH48+$AI48/3600*(1+$M$5))) -> 0 | G48: =IF($AJ48=0,0,($AJ48*1.1/$AK48+$AL48/$AM48)*($W48/3600*$AN48+$AO48/3600*(1+$M$5))) -> 0 | H48: =IF($AP48=0,0,($AP48*1.1+$AQ48/$AR48)*($W48/3600*$AS48+$AT48/3600*(1+M$5))) -> 0 | I48: =IF($AU48=0,0,$AU48*1.1)*($W48/3600) -> 0 | J48: =IF($AV48=0,0,$AV48*1.11)*($W48/3600) -> 0 | K48: =IF($AW48=0,0,$AW48*1.1)*($W48/3600) -> 0 | L48: =SUM($E48:$K48) -> 0 | M48: =$D48*2% -> 0 | N48: =$L48*$N$5 -> 0 | O48: =($N48+$L48)*15% -> 0 | P48: =$D48+$L48+SUM($M48:$O48) -> 0 | Q48: =IF(OR($T48=0,$U48=0),0,$T48*1000/$U48) -> 0 | R48: =((AE13-K13)*X13)*G13*O13*170/1000 -> 0 | T48: 0 | W48: =IF($E13=0,0,$L$5) -> 0 | X48: =IF(OR($E13=0,$Q13="미적용",$M13="Tape only"),0,INDEX($Y$80:$AH$81,MATCH($Q13,$Y$80:$Y$81,0),9)) -> 0 | Y48: =$AI13 -> 0 | Z48: =IF($E13=0,0,IF($Q13="ROLL",$AH$80,$AH$81)) -> 0 | AA48: =$AD13 -> 0 | AB48: =IF($E13=0,0,IF($Q13="ROLL",$Z$80,$Z$81)) -> 0 | AC48: =IF($E13=0,0,IF($Q13="ROLL",$AE$80,$AE$81)) -> 0 | AD48: =IF($E13=0,0,IF($I13="오토컷팅",$AG$82,IF(OR($I13="롤컷팅",$I13="롤컷팅"),$AG$84,$AG$83))) -> 0 | AE48: =$AJ13 -> #DIV/0! | AF48: =IF($E13=0,0,IF($I13="오토컷팅",$AH$82,IF(OR($I13="롤컷팅",$I13="롤컷팅"),$AH$84,$AH$83))) -> 0 | AG48: =$AD13 -> 0 | AH48: =IF($E13=0,0,IF($I13="오토컷팅",$Z$82,IF(OR($I13="롤컷팅",$I13="롤컷팅"),$Z$84,$Z$83))) -> 0 | AI48: =IF($E13=0,0,IF($I13="오토컷팅",$AE$82,IF(OR($I13="롤컷팅",$I13="롤컷팅"),$AE$84,$AE$83))) -> 0 | AJ48: =IF($E13=0,0,INDEX($Y$80:$AH$91,MATCH($I13,$Y$80:$Y$91,0),9)) -> 0 | AK48: =$AH13 -> #DIV/0! | AL48: =IF($E13=0,0,INDEX($Y$80:$AH$91,MATCH($I13,$Y$80:$Y$91,0),10)) -> 0 | AM48: =$AD13 -> 0 | AN48: =IF($E13=0,0,INDEX($Y$80:$AH$91,MATCH($I13,$Y$80:$Y$91,0),2)) -> 0 | AO48: =IF($E13=0,0,INDEX($Y$80:$AH$91,MATCH($I13,$Y$80:$Y$91,0),7)) -> 0 | AP48: =IF($U13=0,0,5+(0.8*$U13)) -> 0 | AQ48: =IF($U13=0,0,$AH$88) -> 0 | AR48: =IF($U13=0,0,$AD13) -> 0 | AS48: =IF($U13=0,0,1) -> 0 | AT48: =IF($U13=0,0,$AE$88) -> 0 | AU48: =IF($T13=0,0,2*$T13) -> 0 | AV48: =IF($R13=0,0,6*$R13) -> 0 | AW48: =IF($E13=0,0,IF($AE13<=10,1,IF($AE13<=40,1.5,IF($AE13<=170,2,IF($AE13>170,3,0))))) -> 0
A49: 5 | B49: =$AE14*$G14*$N14/10000*(1+$X14) -> 0 | C49: =$AE14*$S14/10000*(1+$Y14) -> 0 | D49: =$B49+$C49 -> 0 | E49: =IF($X49=0,0,($X49*1.1/$Y49+$Z49/$AA49)*($W49/3600*$AB49+$AC49/3600*(1+$M$5))) -> 0 | F49: =IF($AD49=0,0,($AD49*1.1/$AE49+$AF49/$AG49)*($W49/3600*$AH49+$AI49/3600*(1+$M$5))) -> 0 | G49: =IF($AJ49=0,0,($AJ49*1.1/$AK49+$AL49/$AM49)*($W49/3600*$AN49+$AO49/3600*(1+$M$5))) -> 0 | H49: =IF($AP49=0,0,($AP49*1.1+$AQ49/$AR49)*($W49/3600*$AS49+$AT49/3600*(1+M$5))) -> 0 | I49: =IF($AU49=0,0,$AU49*1.1)*($W49/3600) -> 0 | J49: =IF($AV49=0,0,$AV49*1.11)*($W49/3600) -> 0 | K49: =IF($AW49=0,0,$AW49*1.1)*($W49/3600) -> 0 | L49: =SUM($E49:$K49) -> 0 | M49: =$D49*2% -> 0 | N49: =$L49*$N$5 -> 0 | O49: =($N49+$L49)*15% -> 0 | P49: =$D49+$L49+SUM($M49:$O49) -> 0 | Q49: =IF(OR($T49=0,$U49=0),0,$T49*1000/$U49) -> 0 | R49: =((AE14-K14)*X14)*G14*O14*170/1000 -> 0 | T49: 0 | W49: =IF($E14=0,0,$L$5) -> 0 | X49: =IF(OR($E14=0,$Q14="미적용",$M14="Tape only"),0,INDEX($Y$80:$AH$81,MATCH($Q14,$Y$80:$Y$81,0),9)) -> 0 | Y49: =$AI14 -> 0 | Z49: =IF($E14=0,0,IF($Q14="ROLL",$AH$80,$AH$81)) -> 0 | AA49: =$AD14 -> 0 | AB49: =IF($E14=0,0,IF($Q14="ROLL",$Z$80,$Z$81)) -> 0 | AC49: =IF($E14=0,0,IF($Q14="ROLL",$AE$80,$AE$81)) -> 0 | AD49: =IF($E14=0,0,IF($I14="오토컷팅",$AG$82,IF(OR($I14="롤컷팅",$I14="롤컷팅"),$AG$84,$AG$83))) -> 0 | AE49: =$AJ14 -> #DIV/0! | AF49: =IF($E14=0,0,IF($I14="오토컷팅",$AH$82,IF(OR($I14="롤컷팅",$I14="롤컷팅"),$AH$84,$AH$83))) -> 0 | AG49: =$AD14 -> 0 | AH49: =IF($E14=0,0,IF($I14="오토컷팅",$Z$82,IF(OR($I14="롤컷팅",$I14="롤컷팅"),$Z$84,$Z$83))) -> 0 | AI49: =IF($E14=0,0,IF($I14="오토컷팅",$AE$82,IF(OR($I14="롤컷팅",$I14="롤컷팅"),$AE$84,$AE$83))) -> 0 | AJ49: =IF($E14=0,0,INDEX($Y$80:$AH$91,MATCH($I14,$Y$80:$Y$91,0),9)) -> 0 | AK49: =$AH14 -> #DIV/0! | AL49: =IF($E14=0,0,INDEX($Y$80:$AH$91,MATCH($I14,$Y$80:$Y$91,0),10)) -> 0 | AM49: =$AD14 -> 0 | AN49: =IF($E14=0,0,INDEX($Y$80:$AH$91,MATCH($I14,$Y$80:$Y$91,0),2)) -> 0 | AO49: =IF($E14=0,0,INDEX($Y$80:$AH$91,MATCH($I14,$Y$80:$Y$91,0),7)) -> 0 | AP49: =IF($U14=0,0,5+(0.8*$U14)) -> 0 | AQ49: =IF($U14=0,0,$AH$88) -> 0 | AR49: =IF($U14=0,0,$AD14) -> 0 | AS49: =IF($U14=0,0,1) -> 0 | AT49: =IF($U14=0,0,$AE$88) -> 0 | AU49: =IF($T14=0,0,2*$T14) -> 0 | AV49: =IF($R14=0,0,6*$R14) -> 0 | AW49: =IF($E14=0,0,IF($AE14<=10,1,IF($AE14<=40,1.5,IF($AE14<=170,2,IF($AE14>170,3,0))))) -> 0
A50: 13 | B50: =$AE15*$G15*$N15/10000*(1+$X15) -> 0 | C50: =$AE15*$S15/10000*(1+$Y15) -> 0 | D50: =$B50+$C50 -> 0 | E50: =IF($X50=0,0,($X50*1.1/$Y50+$Z50/$AA50)*($W50/3600*$AB50+$AC50/3600*(1+$M$5))) -> 0 | F50: =IF($AD50=0,0,($AD50*1.1/$AE50+$AF50/$AG50)*($W50/3600*$AH50+$AI50/3600*(1+$M$5))) -> 0 | G50: =IF($AJ50=0,0,($AJ50*1.1/$AK50+$AL50/$AM50)*($W50/3600*$AN50+$AO50/3600*(1+$M$5))) -> 0 | H50: =IF($AP50=0,0,($AP50*1.1+$AQ50/$AR50)*($W50/3600*$AS50+$AT50/3600*(1+M$5))) -> 0 | I50: =IF($AU50=0,0,$AU50*1.1)*($W50/3600) -> 0 | J50: =IF($AV50=0,0,$AV50*1.11)*($W50/3600) -> 0 | K50: =IF($AW50=0,0,$AW50*1.1)*($W50/3600) -> 0 | L50: =SUM($E50:$K50) -> 0 | M50: =$D50*2% -> 0 | N50: =$L50*$N$5 -> 0 | O50: =($N50+$L50)*15% -> 0 | P50: =$D50+$L50+SUM($M50:$O50) -> 0 | Q50: =IF(OR($T50=0,$U50=0),0,$T50*1000/$U50) -> 0 | R50: =((AE15-K15)*X15)*G15*O15*170/1000 -> 0 | T50: 0 | W50: =IF($E15=0,0,$L$5) -> 0 | X50: =IF(OR($E15=0,$Q15="미적용",$M15="Tape only"),0,INDEX($Y$80:$AH$81,MATCH($Q15,$Y$80:$Y$81,0),9)) -> 0 | Y50: =$AI15 -> 0 | Z50: =IF($E15=0,0,IF($Q15="ROLL",$AH$80,$AH$81)) -> 0 | AA50: =$AD15 -> 0 | AB50: =IF($E15=0,0,IF($Q15="ROLL",$Z$80,$Z$81)) -> 0 | AC50: =IF($E15=0,0,IF($Q15="ROLL",$AE$80,$AE$81)) -> 0 | AD50: =IF($E15=0,0,IF($I15="오토컷팅",$AG$82,IF(OR($I15="롤컷팅",$I15="롤컷팅"),$AG$84,$AG$83))) -> 0 | AE50: =$AJ15 -> #DIV/0! | AF50: =IF($E15=0,0,IF($I15="오토컷팅",$AH$82,IF(OR($I15="롤컷팅",$I15="롤컷팅"),$AH$84,$AH$83))) -> 0 | AG50: =$AD15 -> 0 | AH50: =IF($E15=0,0,IF($I15="오토컷팅",$Z$82,IF(OR($I15="롤컷팅",$I15="롤컷팅"),$Z$84,$Z$83))) -> 0 | AI50: =IF($E15=0,0,IF($I15="오토컷팅",$AE$82,IF(OR($I15="롤컷팅",$I15="롤컷팅"),$AE$84,$AE$83))) -> 0 | AJ50: =IF($E15=0,0,INDEX($Y$80:$AH$91,MATCH($I15,$Y$80:$Y$91,0),9)) -> 0 | AK50: =$AH15 -> #DIV/0! | AL50: =IF($E15=0,0,INDEX($Y$80:$AH$91,MATCH($I15,$Y$80:$Y$91,0),10)) -> 0 | AM50: =$AD15 -> 0 | AN50: =IF($E15=0,0,INDEX($Y$80:$AH$91,MATCH($I15,$Y$80:$Y$91,0),2)) -> 0 | AO50: =IF($E15=0,0,INDEX($Y$80:$AH$91,MATCH($I15,$Y$80:$Y$91,0),7)) -> 0 | AP50: =IF($U15=0,0,5+(0.8*$U15)) -> 0 | AQ50: =IF($U15=0,0,$AH$88) -> 0 | AR50: =IF($U15=0,0,$AD15) -> 0 | AS50: =IF($U15=0,0,1) -> 0 | AT50: =IF($U15=0,0,$AE$88) -> 0 | AU50: =IF($T15=0,0,2*$T15) -> 0 | AV50: =IF($R15=0,0,6*$R15) -> 0 | AW50: =IF($E15=0,0,IF($AE15<=10,1,IF($AE15<=40,1.5,IF($AE15<=170,2,IF($AE15>170,3,0))))) -> 0
A51: 19 | B51: =$AE16*$G16*$N16/10000*(1+$X16) -> 0 | C51: =$AE16*$S16/10000*(1+$Y16) -> 0 | D51: =$B51+$C51 -> 0 | E51: =IF($X51=0,0,($X51*1.1/$Y51+$Z51/$AA51)*($W51/3600*$AB51+$AC51/3600*(1+$M$5))) -> 0 | F51: =IF($AD51=0,0,($AD51*1.1/$AE51+$AF51/$AG51)*($W51/3600*$AH51+$AI51/3600*(1+$M$5))) -> 0 | G51: =IF($AJ51=0,0,($AJ51*1.1/$AK51+$AL51/$AM51)*($W51/3600*$AN51+$AO51/3600*(1+$M$5))) -> 0 | H51: =IF($AP51=0,0,($AP51*1.1+$AQ51/$AR51)*($W51/3600*$AS51+$AT51/3600*(1+M$5))) -> 0 | I51: =IF($AU51=0,0,$AU51*1.1)*($W51/3600) -> 0 | J51: =IF($AV51=0,0,$AV51*1.11)*($W51/3600) -> 0 | K51: =IF($AW51=0,0,$AW51*1.1)*($W51/3600) -> 0 | L51: =SUM($E51:$K51) -> 0 | M51: =$D51*2% -> 0 | N51: =$L51*$N$5 -> 0 | O51: =($N51+$L51)*15% -> 0 | P51: =$D51+$L51+SUM($M51:$O51) -> 0 | Q51: =IF(OR($T51=0,$U51=0),0,$T51*1000/$U51) -> 0 | R51: =((AE16-K16)*X16)*G16*O16*170/1000 -> 0 | T51: 0 | W51: =IF($E16=0,0,$L$5) -> 0 | X51: =IF(OR($E16=0,$Q16="미적용",$M16="Tape only"),0,INDEX($Y$80:$AH$81,MATCH($Q16,$Y$80:$Y$81,0),9)) -> 0 | Y51: =$AI16 -> 0 | Z51: =IF($E16=0,0,IF($Q16="ROLL",$AH$80,$AH$81)) -> 0 | AA51: =$AD16 -> 0 | AB51: =IF($E16=0,0,IF($Q16="ROLL",$Z$80,$Z$81)) -> 0 | AC51: =IF($E16=0,0,IF($Q16="ROLL",$AE$80,$AE$81)) -> 0 | AD51: =IF($E16=0,0,IF($I16="오토컷팅",$AG$82,IF(OR($I16="롤컷팅",$I16="롤컷팅"),$AG$84,$AG$83))) -> 0 | AE51: =$AJ16 -> #DIV/0! | AF51: =IF($E16=0,0,IF($I16="오토컷팅",$AH$82,IF(OR($I16="롤컷팅",$I16="롤컷팅"),$AH$84,$AH$83))) -> 0 | AG51: =$AD16 -> 0 | AH51: =IF($E16=0,0,IF($I16="오토컷팅",$Z$82,IF(OR($I16="롤컷팅",$I16="롤컷팅"),$Z$84,$Z$83))) -> 0 | AI51: =IF($E16=0,0,IF($I16="오토컷팅",$AE$82,IF(OR($I16="롤컷팅",$I16="롤컷팅"),$AE$84,$AE$83))) -> 0 | AJ51: =IF($E16=0,0,INDEX($Y$80:$AH$91,MATCH($I16,$Y$80:$Y$91,0),9)) -> 0 | AK51: =$AH16 -> #DIV/0! | AL51: =IF($E16=0,0,INDEX($Y$80:$AH$91,MATCH($I16,$Y$80:$Y$91,0),10)) -> 0 | AM51: =$AD16 -> 0 | AN51: =IF($E16=0,0,INDEX($Y$80:$AH$91,MATCH($I16,$Y$80:$Y$91,0),2)) -> 0 | AO51: =IF($E16=0,0,INDEX($Y$80:$AH$91,MATCH($I16,$Y$80:$Y$91,0),7)) -> 0 | AP51: =IF($U16=0,0,5+(0.8*$U16)) -> 0 | AQ51: =IF($U16=0,0,$AH$88) -> 0 | AR51: =IF($U16=0,0,$AD16) -> 0 | AS51: =IF($U16=0,0,1) -> 0 | AT51: =IF($U16=0,0,$AE$88) -> 0 | AU51: =IF($T16=0,0,2*$T16) -> 0 | AV51: =IF($R16=0,0,6*$R16) -> 0 | AW51: =IF($E16=0,0,IF($AE16<=10,1,IF($AE16<=40,1.5,IF($AE16<=170,2,IF($AE16>170,3,0))))) -> 0
A52: 13 | B52: =$AE17*$G17*$N17/10000*(1+$X17) -> 0 | C52: =$AE17*$S17/10000*(1+$Y17) -> 0 | D52: =$B52+$C52 -> 0 | E52: =IF($X52=0,0,($X52*1.1/$Y52+$Z52/$AA52)*($W52/3600*$AB52+$AC52/3600*(1+$M$5))) -> 0 | F52: =IF($AD52=0,0,($AD52*1.1/$AE52+$AF52/$AG52)*($W52/3600*$AH52+$AI52/3600*(1+$M$5))) -> 0 | G52: =IF($AJ52=0,0,($AJ52*1.1/$AK52+$AL52/$AM52)*($W52/3600*$AN52+$AO52/3600*(1+$M$5))) -> 0 | H52: =IF($AP52=0,0,($AP52*1.1+$AQ52/$AR52)*($W52/3600*$AS52+$AT52/3600*(1+M$5))) -> 0 | I52: =IF($AU52=0,0,$AU52*1.1)*($W52/3600) -> 0 | J52: =IF($AV52=0,0,$AV52*1.11)*($W52/3600) -> 0 | K52: =IF($AW52=0,0,$AW52*1.1)*($W52/3600) -> 0 | L52: =SUM($E52:$K52) -> 0 | M52: =$D52*2% -> 0 | N52: =$L52*$N$5 -> 0 | O52: =($N52+$L52)*15% -> 0 | P52: =$D52+$L52+SUM($M52:$O52) -> 0 | Q52: =IF(OR($T52=0,$U52=0),0,$T52*1000/$U52) -> 0 | R52: =((AE17-K17)*X17)*G17*O17*170/1000 -> 0 | T52: 0 | W52: =IF($E17=0,0,$L$5) -> 0 | X52: =IF(OR($E17=0,$Q17="미적용",$M17="Tape only"),0,INDEX($Y$80:$AH$81,MATCH($Q17,$Y$80:$Y$81,0),9)) -> 0 | Y52: =$AI17 -> 0 | Z52: =IF($E17=0,0,IF($Q17="ROLL",$AH$80,$AH$81)) -> 0 | AA52: =$AD17 -> 0 | AB52: =IF($E17=0,0,IF($Q17="ROLL",$Z$80,$Z$81)) -> 0 | AC52: =IF($E17=0,0,IF($Q17="ROLL",$AE$80,$AE$81)) -> 0 | AD52: =IF($E17=0,0,IF($I17="오토컷팅",$AG$82,IF(OR($I17="롤컷팅",$I17="롤컷팅"),$AG$84,$AG$83))) -> 0 | AE52: =$AJ17 -> #DIV/0! | AF52: =IF($E17=0,0,IF($I17="오토컷팅",$AH$82,IF(OR($I17="롤컷팅",$I17="롤컷팅"),$AH$84,$AH$83))) -> 0 | AG52: =$AD17 -> 0 | AH52: =IF($E17=0,0,IF($I17="오토컷팅",$Z$82,IF(OR($I17="롤컷팅",$I17="롤컷팅"),$Z$84,$Z$83))) -> 0 | AI52: =IF($E17=0,0,IF($I17="오토컷팅",$AE$82,IF(OR($I17="롤컷팅",$I17="롤컷팅"),$AE$84,$AE$83))) -> 0 | AJ52: =IF($E17=0,0,INDEX($Y$80:$AH$91,MATCH($I17,$Y$80:$Y$91,0),9)) -> 0 | AK52: =$AH17 -> #DIV/0! | AL52: =IF($E17=0,0,INDEX($Y$80:$AH$91,MATCH($I17,$Y$80:$Y$91,0),10)) -> 0 | AM52: =$AD17 -> 0 | AN52: =IF($E17=0,0,INDEX($Y$80:$AH$91,MATCH($I17,$Y$80:$Y$91,0),2)) -> 0 | AO52: =IF($E17=0,0,INDEX($Y$80:$AH$91,MATCH($I17,$Y$80:$Y$91,0),7)) -> 0 | AP52: =IF($U17=0,0,5+(0.8*$U17)) -> 0 | AQ52: =IF($U17=0,0,$AH$88) -> 0 | AR52: =IF($U17=0,0,$AD17) -> 0 | AS52: =IF($U17=0,0,1) -> 0 | AT52: =IF($U17=0,0,$AE$88) -> 0 | AU52: =IF($T17=0,0,2*$T17) -> 0 | AV52: =IF($R17=0,0,6*$R17) -> 0 | AW52: =IF($E17=0,0,IF($AE17<=10,1,IF($AE17<=40,1.5,IF($AE17<=170,2,IF($AE17>170,3,0))))) -> 0
A53: 11 | B53: =$AE18*$G18*$N18/10000*(1+$X18) -> 0 | C53: =$AE18*$S18/10000*(1+$Y18) -> 0 | D53: =$B53+$C53 -> 0 | E53: =IF($X53=0,0,($X53*1.1/$Y53+$Z53/$AA53)*($W53/3600*$AB53+$AC53/3600*(1+$M$5))) -> 0 | F53: =IF($AD53=0,0,($AD53*1.1/$AE53+$AF53/$AG53)*($W53/3600*$AH53+$AI53/3600*(1+$M$5))) -> 0 | G53: =IF($AJ53=0,0,($AJ53*1.1/$AK53+$AL53/$AM53)*($W53/3600*$AN53+$AO53/3600*(1+$M$5))) -> 0 | H53: =IF($AP53=0,0,($AP53*1.1+$AQ53/$AR53)*($W53/3600*$AS53+$AT53/3600*(1+M$5))) -> 0 | I53: =IF($AU53=0,0,$AU53*1.1)*($W53/3600) -> 0 | J53: =IF($AV53=0,0,$AV53*1.11)*($W53/3600) -> 0 | K53: =IF($AW53=0,0,$AW53*1.1)*($W53/3600) -> 0 | L53: =SUM($E53:$K53) -> 0 | M53: =$D53*2% -> 0 | N53: =$L53*$N$5 -> 0 | O53: =($N53+$L53)*15% -> 0 | P53: =$D53+$L53+SUM($M53:$O53) -> 0 | Q53: =IF(OR($T53=0,$U53=0),0,$T53*1000/$U53) -> 0 | R53: =((AE18-K18)*X18)*G18*O18*170/1000 -> 0 | T53: 0 | W53: =IF($E18=0,0,$L$5) -> 0 | X53: =IF(OR($E18=0,$Q18="미적용",$M18="Tape only"),0,INDEX($Y$80:$AH$81,MATCH($Q18,$Y$80:$Y$81,0),9)) -> 0 | Y53: =$AI18 -> 0 | Z53: =IF($E18=0,0,IF($Q18="ROLL",$AH$80,$AH$81)) -> 0 | AA53: =$AD18 -> 0 | AB53: =IF($E18=0,0,IF($Q18="ROLL",$Z$80,$Z$81)) -> 0 | AC53: =IF($E18=0,0,IF($Q18="ROLL",$AE$80,$AE$81)) -> 0 | AD53: =IF($E18=0,0,IF($I18="오토컷팅",$AG$82,IF(OR($I18="롤컷팅",$I18="롤컷팅"),$AG$84,$AG$83))) -> 0 | AE53: =$AJ18 -> #DIV/0! | AF53: =IF($E18=0,0,IF($I18="오토컷팅",$AH$82,IF(OR($I18="롤컷팅",$I18="롤컷팅"),$AH$84,$AH$83))) -> 0 | AG53: =$AD18 -> 0 | AH53: =IF($E18=0,0,IF($I18="오토컷팅",$Z$82,IF(OR($I18="롤컷팅",$I18="롤컷팅"),$Z$84,$Z$83))) -> 0 | AI53: =IF($E18=0,0,IF($I18="오토컷팅",$AE$82,IF(OR($I18="롤컷팅",$I18="롤컷팅"),$AE$84,$AE$83))) -> 0 | AJ53: =IF($E18=0,0,INDEX($Y$80:$AH$91,MATCH($I18,$Y$80:$Y$91,0),9)) -> 0 | AK53: =$AH18 -> #DIV/0! | AL53: =IF($E18=0,0,INDEX($Y$80:$AH$91,MATCH($I18,$Y$80:$Y$91,0),10)) -> 0 | AM53: =$AD18 -> 0 | AN53: =IF($E18=0,0,INDEX($Y$80:$AH$91,MATCH($I18,$Y$80:$Y$91,0),2)) -> 0 | AO53: =IF($E18=0,0,INDEX($Y$80:$AH$91,MATCH($I18,$Y$80:$Y$91,0),7)) -> 0 | AP53: =IF($U18=0,0,5+(0.8*$U18)) -> 0 | AQ53: =IF($U18=0,0,$AH$88) -> 0 | AR53: =IF($U18=0,0,$AD18) -> 0 | AS53: =IF($U18=0,0,1) -> 0 | AT53: =IF($U18=0,0,$AE$88) -> 0 | AU53: =IF($T18=0,0,2*$T18) -> 0 | AV53: =IF($R18=0,0,6*$R18) -> 0 | AW53: =IF($E18=0,0,IF($AE18<=10,1,IF($AE18<=40,1.5,IF($AE18<=170,2,IF($AE18>170,3,0))))) -> 0
A54: 18 | B54: =$AE19*$G19*$N19/10000*(1+$X19) -> 0 | C54: =$AE19*$S19/10000*(1+$Y19) -> 0 | D54: =$B54+$C54 -> 0 | E54: =IF($X54=0,0,($X54*1.1/$Y54+$Z54/$AA54)*($W54/3600*$AB54+$AC54/3600*(1+$M$5))) -> 0 | F54: =IF($AD54=0,0,($AD54*1.1/$AE54+$AF54/$AG54)*($W54/3600*$AH54+$AI54/3600*(1+$M$5))) -> 0 | G54: =IF($AJ54=0,0,($AJ54*1.1/$AK54+$AL54/$AM54)*($W54/3600*$AN54+$AO54/3600*(1+$M$5))) -> 0 | H54: =IF($AP54=0,0,($AP54*1.1+$AQ54/$AR54)*($W54/3600*$AS54+$AT54/3600*(1+M$5))) -> 0 | I54: =IF($AU54=0,0,$AU54*1.1)*($W54/3600) -> 0 | J54: =IF($AV54=0,0,$AV54*1.11)*($W54/3600) -> 0 | K54: =IF($AW54=0,0,$AW54*1.1)*($W54/3600) -> 0 | L54: =SUM($E54:$K54) -> 0 | M54: =$D54*2% -> 0 | N54: =$L54*$N$5 -> 0 | O54: =($N54+$L54)*15% -> 0 | P54: =$D54+$L54+SUM($M54:$O54) -> 0 | Q54: =IF(OR($T54=0,$U54=0),0,$T54*1000/$U54) -> 0 | R54: =((AE19-K19)*X19)*G19*O19*170/1000 -> 0 | T54: 0 | W54: =IF($E19=0,0,$L$5) -> 0 | X54: =IF(OR($E19=0,$Q19="미적용",$M19="Tape only"),0,INDEX($Y$80:$AH$81,MATCH($Q19,$Y$80:$Y$81,0),9)) -> 0 | Y54: =$AI19 -> 0 | Z54: =IF($E19=0,0,IF($Q19="ROLL",$AH$80,$AH$81)) -> 0 | AA54: =$AD19 -> 0 | AB54: =IF($E19=0,0,IF($Q19="ROLL",$Z$80,$Z$81)) -> 0 | AC54: =IF($E19=0,0,IF($Q19="ROLL",$AE$80,$AE$81)) -> 0 | AD54: =IF($E19=0,0,IF($I19="오토컷팅",$AG$82,IF(OR($I19="롤컷팅",$I19="롤컷팅"),$AG$84,$AG$83))) -> 0 | AE54: =$AJ19 -> #DIV/0! | AF54: =IF($E19=0,0,IF($I19="오토컷팅",$AH$82,IF(OR($I19="롤컷팅",$I19="롤컷팅"),$AH$84,$AH$83))) -> 0 | AG54: =$AD19 -> 0 | AH54: =IF($E19=0,0,IF($I19="오토컷팅",$Z$82,IF(OR($I19="롤컷팅",$I19="롤컷팅"),$Z$84,$Z$83))) -> 0 | AI54: =IF($E19=0,0,IF($I19="오토컷팅",$AE$82,IF(OR($I19="롤컷팅",$I19="롤컷팅"),$AE$84,$AE$83))) -> 0 | AJ54: =IF($E19=0,0,INDEX($Y$80:$AH$91,MATCH($I19,$Y$80:$Y$91,0),9)) -> 0 | AK54: =$AH19 -> #DIV/0! | AL54: =IF($E19=0,0,INDEX($Y$80:$AH$91,MATCH($I19,$Y$80:$Y$91,0),10)) -> 0 | AM54: =$AD19 -> 0 | AN54: =IF($E19=0,0,INDEX($Y$80:$AH$91,MATCH($I19,$Y$80:$Y$91,0),2)) -> 0 | AO54: =IF($E19=0,0,INDEX($Y$80:$AH$91,MATCH($I19,$Y$80:$Y$91,0),7)) -> 0 | AP54: =IF($U19=0,0,5+(0.8*$U19)) -> 0 | AQ54: =IF($U19=0,0,$AH$88) -> 0 | AR54: =IF($U19=0,0,$AD19) -> 0 | AS54: =IF($U19=0,0,1) -> 0 | AT54: =IF($U19=0,0,$AE$88) -> 0 | AU54: =IF($T19=0,0,2*$T19) -> 0 | AV54: =IF($R19=0,0,6*$R19) -> 0 | AW54: =IF($E19=0,0,IF($AE19<=10,1,IF($AE19<=40,1.5,IF($AE19<=170,2,IF($AE19>170,3,0))))) -> 0
A55: 27 | B55: =$AE20*$G20*$N20/10000*(1+$X20) -> 0 | C55: =$AE20*$S20/10000*(1+$Y20) -> 0 | D55: =$B55+$C55 -> 0 | E55: =IF($X55=0,0,($X55*1.1/$Y55+$Z55/$AA55)*($W55/3600*$AB55+$AC55/3600*(1+$M$5))) -> 0 | F55: =IF($AD55=0,0,($AD55*1.1/$AE55+$AF55/$AG55)*($W55/3600*$AH55+$AI55/3600*(1+$M$5))) -> 0 | G55: =IF($AJ55=0,0,($AJ55*1.1/$AK55+$AL55/$AM55)*($W55/3600*$AN55+$AO55/3600*(1+$M$5))) -> 0 | H55: =IF($AP55=0,0,($AP55*1.1+$AQ55/$AR55)*($W55/3600*$AS55+$AT55/3600*(1+M$5))) -> 0 | I55: =IF($AU55=0,0,$AU55*1.1)*($W55/3600) -> 0 | J55: =IF($AV55=0,0,$AV55*1.11)*($W55/3600) -> 0 | K55: =IF($AW55=0,0,$AW55*1.1)*($W55/3600) -> 0 | L55: =SUM($E55:$K55) -> 0 | M55: =$D55*2% -> 0 | N55: =$L55*$N$5 -> 0 | O55: =($N55+$L55)*15% -> 0 | P55: =$D55+$L55+SUM($M55:$O55) -> 0 | Q55: =IF(OR($T55=0,$U55=0),0,$T55*1000/$U55) -> 0 | R55: =((AE20-K20)*X20)*G20*O20*170/1000 -> 0 | T55: 0 | W55: =IF($E20=0,0,$L$5) -> 0 | X55: =IF(OR($E20=0,$Q20="미적용",$M20="Tape only"),0,INDEX($Y$80:$AH$81,MATCH($Q20,$Y$80:$Y$81,0),9)) -> 0 | Y55: =$AI20 -> 0 | Z55: =IF($E20=0,0,IF($Q20="ROLL",$AH$80,$AH$81)) -> 0 | AA55: =$AD20 -> 0 | AB55: =IF($E20=0,0,IF($Q20="ROLL",$Z$80,$Z$81)) -> 0 | AC55: =IF($E20=0,0,IF($Q20="ROLL",$AE$80,$AE$81)) -> 0 | AD55: =IF($E20=0,0,IF($I20="오토컷팅",$AG$82,IF(OR($I20="롤컷팅",$I20="롤컷팅"),$AG$84,$AG$83))) -> 0 | AE55: =$AJ20 -> #DIV/0! | AF55: =IF($E20=0,0,IF($I20="오토컷팅",$AH$82,IF(OR($I20="롤컷팅",$I20="롤컷팅"),$AH$84,$AH$83))) -> 0 | AG55: =$AD20 -> 0 | AH55: =IF($E20=0,0,IF($I20="오토컷팅",$Z$82,IF(OR($I20="롤컷팅",$I20="롤컷팅"),$Z$84,$Z$83))) -> 0 | AI55: =IF($E20=0,0,IF($I20="오토컷팅",$AE$82,IF(OR($I20="롤컷팅",$I20="롤컷팅"),$AE$84,$AE$83))) -> 0 | AJ55: =IF($E20=0,0,INDEX($Y$80:$AH$91,MATCH($I20,$Y$80:$Y$91,0),9)) -> 0 | AK55: =$AH20 -> #DIV/0! | AL55: =IF($E20=0,0,INDEX($Y$80:$AH$91,MATCH($I20,$Y$80:$Y$91,0),10)) -> 0 | AM55: =$AD20 -> 0 | AN55: =IF($E20=0,0,INDEX($Y$80:$AH$91,MATCH($I20,$Y$80:$Y$91,0),2)) -> 0 | AO55: =IF($E20=0,0,INDEX($Y$80:$AH$91,MATCH($I20,$Y$80:$Y$91,0),7)) -> 0 | AP55: =IF($U20=0,0,5+(0.8*$U20)) -> 0 | AQ55: =IF($U20=0,0,$AH$88) -> 0 | AR55: =IF($U20=0,0,$AD20) -> 0 | AS55: =IF($U20=0,0,1) -> 0 | AT55: =IF($U20=0,0,$AE$88) -> 0 | AU55: =IF($T20=0,0,2*$T20) -> 0 | AV55: =IF($R20=0,0,6*$R20) -> 0 | AW55: =IF($E20=0,0,IF($AE20<=10,1,IF($AE20<=40,1.5,IF($AE20<=170,2,IF($AE20>170,3,0))))) -> 0
A56: 20 | B56: =$AE21*$G21*$N21/10000*(1+$X21) -> 0 | C56: =$AE21*$S21/10000*(1+$Y21) -> 0 | D56: =$B56+$C56 -> 0 | E56: =IF($X56=0,0,($X56*1.1/$Y56+$Z56/$AA56)*($W56/3600*$AB56+$AC56/3600*(1+$M$5))) -> 0 | F56: =IF($AD56=0,0,($AD56*1.1/$AE56+$AF56/$AG56)*($W56/3600*$AH56+$AI56/3600*(1+$M$5))) -> 0 | G56: =IF($AJ56=0,0,($AJ56*1.1/$AK56+$AL56/$AM56)*($W56/3600*$AN56+$AO56/3600*(1+$M$5))) -> 0 | H56: =IF($AP56=0,0,($AP56*1.1+$AQ56/$AR56)*($W56/3600*$AS56+$AT56/3600*(1+M$5))) -> 0 | I56: =IF($AU56=0,0,$AU56*1.1)*($W56/3600) -> 0 | J56: =IF($AV56=0,0,$AV56*1.11)*($W56/3600) -> 0 | K56: =IF($AW56=0,0,$AW56*1.1)*($W56/3600) -> 0 | L56: =SUM($E56:$K56) -> 0 | M56: =$D56*2% -> 0 | N56: =$L56*$N$5 -> 0 | O56: =($N56+$L56)*15% -> 0 | P56: =$D56+$L56+SUM($M56:$O56) -> 0 | Q56: =IF(OR($T56=0,$U56=0),0,$T56*1000/$U56) -> 0 | R56: =((AE21-K21)*X21)*G21*O21*170/1000 -> 0 | T56: 0 | W56: =IF($E21=0,0,$L$5) -> 0 | X56: =IF(OR($E21=0,$Q21="미적용",$M21="Tape only"),0,INDEX($Y$80:$AH$81,MATCH($Q21,$Y$80:$Y$81,0),9)) -> 0 | Y56: =$AI21 -> 0 | Z56: =IF($E21=0,0,IF($Q21="ROLL",$AH$80,$AH$81)) -> 0 | AA56: =$AD21 -> 0 | AB56: =IF($E21=0,0,IF($Q21="ROLL",$Z$80,$Z$81)) -> 0 | AC56: =IF($E21=0,0,IF($Q21="ROLL",$AE$80,$AE$81)) -> 0 | AD56: =IF($E21=0,0,IF($I21="오토컷팅",$AG$82,IF(OR($I21="롤컷팅",$I21="롤컷팅"),$AG$84,$AG$83))) -> 0 | AE56: =$AJ21 -> #DIV/0! | AF56: =IF($E21=0,0,IF($I21="오토컷팅",$AH$82,IF(OR($I21="롤컷팅",$I21="롤컷팅"),$AH$84,$AH$83))) -> 0 | AG56: =$AD21 -> 0 | AH56: =IF($E21=0,0,IF($I21="오토컷팅",$Z$82,IF(OR($I21="롤컷팅",$I21="롤컷팅"),$Z$84,$Z$83))) -> 0 | AI56: =IF($E21=0,0,IF($I21="오토컷팅",$AE$82,IF(OR($I21="롤컷팅",$I21="롤컷팅"),$AE$84,$AE$83))) -> 0 | AJ56: =IF($E21=0,0,INDEX($Y$80:$AH$91,MATCH($I21,$Y$80:$Y$91,0),9)) -> 0 | AK56: =$AH21 -> #DIV/0! | AL56: =IF($E21=0,0,INDEX($Y$80:$AH$91,MATCH($I21,$Y$80:$Y$91,0),10)) -> 0 | AM56: =$AD21 -> 0 | AN56: =IF($E21=0,0,INDEX($Y$80:$AH$91,MATCH($I21,$Y$80:$Y$91,0),2)) -> 0 | AO56: =IF($E21=0,0,INDEX($Y$80:$AH$91,MATCH($I21,$Y$80:$Y$91,0),7)) -> 0 | AP56: =IF($U21=0,0,5+(0.8*$U21)) -> 0 | AQ56: =IF($U21=0,0,$AH$88) -> 0 | AR56: =IF($U21=0,0,$AD21) -> 0 | AS56: =IF($U21=0,0,1) -> 0 | AT56: =IF($U21=0,0,$AE$88) -> 0 | AU56: =IF($T21=0,0,2*$T21) -> 0 | AV56: =IF($R21=0,0,6*$R21) -> 0 | AW56: =IF($E21=0,0,IF($AE21<=10,1,IF($AE21<=40,1.5,IF($AE21<=170,2,IF($AE21>170,3,0))))) -> 0
... A74: 30 | B74: =$AE39*$G39*$N39/10000*(1+$X39) -> 0 | C74: =$AE39*$S39/10000*(1+$Y39) -> 0 | D74: =$B74+$C74 -> 0 | E74: =IF($X74=0,0,($X74*1.1/$Y74+$Z74/$AA74)*($W74/3600*$AB74+$AC74/3600*(1+$M$5))) -> 0 | F74: =IF($AD74=0,0,($AD74*1.1/$AE74+$AF74/$AG74)*($W74/3600*$AH74+$AI74/3600*(1+$M$5))) -> 0 | G74: =IF($AJ74=0,0,($AJ74*1.1/$AK74+$AL74/$AM74)*($W74/3600*$AN74+$AO74/3600*(1+$M$5))) -> 0 | H74: =IF($AP74=0,0,($AP74*1.1+$AQ74/$AR74)*($W74/3600*$AS74+$AT74/3600*(1+M$5))) -> 0 | I74: =IF($AU74=0,0,$AU74*1.1)*($W74/3600) -> 0 | J74: =IF($AV74=0,0,$AV74*1.11)*($W74/3600) -> 0 | K74: =IF($AW74=0,0,$AW74*1.1)*($W74/3600) -> 0 | L74: =SUM($E74:$K74) -> 0 | M74: =$D74*2% -> 0 | N74: =$L74*$N$5 -> 0 | O74: =($N74+$L74)*15% -> 0 | P74: =$D74+$L74+SUM($M74:$O74) -> 0 | Q74: =IF(OR($T74=0,$U74=0),0,$T74*1000/$U74) -> 0 | R74: =((AE39-K39)*X39)*G39*O39*170/1000 -> 0 | T74: 0 | W74: =IF($E39=0,0,$L$5) -> 0 | X74: =IF(OR($E39=0,$Q39="미적용",$M39="Tape only"),0,INDEX($Y$80:$AH$81,MATCH($Q39,$Y$80:$Y$81,0),9)) -> 0 | Y74: =$AI39 -> 0 | Z74: =IF($E39=0,0,IF($Q39="ROLL",$AH$80,$AH$81)) -> 0 | AA74: =$AD39 -> 0 | AB74: =IF($E39=0,0,IF($Q39="ROLL",$Z$80,$Z$81)) -> 0 | AC74: =IF($E39=0,0,IF($Q39="ROLL",$AE$80,$AE$81)) -> 0 | AD74: =IF($E39=0,0,IF($I39="오토컷팅",$AG$82,IF(OR($I39="롤컷팅",$I39="롤컷팅"),$AG$84,$AG$83))) -> 0 | AE74: =$AJ39 -> #DIV/0! | AF74: =IF($E39=0,0,IF($I39="오토컷팅",$AH$82,IF(OR($I39="롤컷팅",$I39="롤컷팅"),$AH$84,$AH$83))) -> 0 | AG74: =$AD39 -> 0 | AH74: =IF($E39=0,0,IF($I39="오토컷팅",$Z$82,IF(OR($I39="롤컷팅",$I39="롤컷팅"),$Z$84,$Z$83))) -> 0 | AI74: =IF($E39=0,0,IF($I39="오토컷팅",$AE$82,IF(OR($I39="롤컷팅",$I39="롤컷팅"),$AE$84,$AE$83))) -> 0 | AJ74: =IF($E39=0,0,INDEX($Y$80:$AH$91,MATCH($I39,$Y$80:$Y$91,0),9)) -> 0 | AK74: =$AH39 -> #DIV/0! | AL74: =IF($E39=0,0,INDEX($Y$80:$AH$91,MATCH($I39,$Y$80:$Y$91,0),10)) -> 0 | AM74: =$AD39 -> 0 | AN74: =IF($E39=0,0,INDEX($Y$80:$AH$91,MATCH($I39,$Y$80:$Y$91,0),2)) -> 0 | AO74: =IF($E39=0,0,INDEX($Y$80:$AH$91,MATCH($I39,$Y$80:$Y$91,0),7)) -> 0 | AP74: =IF($U39=0,0,5+(0.8*$U39)) -> 0 | AQ74: =IF($U39=0,0,$AH$88) -> 0 | AR74: =IF($U39=0,0,$AD39) -> 0 | AS74: =IF($U39=0,0,1) -> 0 | AT74: =IF($U39=0,0,$AE$88) -> 0 | AU74: =IF($T39=0,0,2*$T39) -> 0 | AV74: =IF($R39=0,0,6*$R39) -> 0 | AW74: =IF($E39=0,0,IF($AE39<=10,1,IF($AE39<=40,1.5,IF($AE39<=170,2,IF($AE39>170,3,0))))) -> 0
A78: # 참고
Y79: 공정 | Z79: 투입인원 | AA79: 전력용량 | AB79: 전력소비율 | AC79: 투영면적 | AD79: 기계가액 | AE79: 직접경비 | AF79: 제조경비 | AG79: C/T | AH79: 준비시간 | AI79: 년 생산갯수 | AJ79: 적용LOT | AK79: 년도 | AL79: 임율 | AM79: 설비 | AN79: 금형 | AP79: 면적(㎠)
X80: 前TAP'G | Y80: ROLL | Z80: 3 | AA80: 50 | AB80: 0.27 | AC80: 90 | AD80: 200000 | AE80: =ROUNDDOWN($AA80*$AB80*$W$5*$O$5+$AC80*$Q$5*$P$5/$S$5/$T$5/$U$5+$AD80*1000/$R$5/$T$5/$U$5+($AC80*$Q$5*$P$5/$S$5/$T$5/$U$5+$AD80*1000/$R$5/$T$5/$U$5)*$V$5,1)-3 -> 1943.3 | AF80: =ROUNDDOWN(AE80*(1+$M$5),0) -> 3324 | AG80: 3 | AH80: =5*60 -> 300 | AI80: 10000000 | AJ80: 12000 | AK80: '13년도 | AL80: 16400 | AN80: 가로(mm) | AO80: 세로(mm)
Y81: SHEET | Z81: 2 | AA81: 0.8 | AB81: 0.27 | AC81: 2.52 | AD81: 12000 | AE81: =ROUNDDOWN($AA81*$AB81*$W$5*$O$5+$AC81*$Q$5*$P$5/$S$5/$T$5/$U$5+$AD81*1000/$R$5/$T$5/$U$5+($AC81*$Q$5*$P$5/$S$5/$T$5/$U$5+$AD81*1000/$R$5/$T$5/$U$5)*$V$5,0)-1 -> 50 | AF81: =ROUNDDOWN(AE81*(1+$M$5),0) -> 85 | AG81: 10 | AH81: =10*60 -> 600 | AI81: 1000000 | AJ81: 10000 | AK81: '14년도 | AL81: 16800 | AM81: 오토컷팅 | AN81: 150 | AO81: 290 | AP81: =INT(AN81*AO81)/100 -> 435
X82: SLIT'G | Y82: 슬릿팅 | Z82: 2 | AA82: 2.25 | AB82: 0.27 | AC82: 2.7 | AD82: 5600 | AE82: =ROUNDDOWN($AA82*$AB82*$W$5*$O$5+$AC82*$Q$5*$P$5/$S$5/$T$5/$U$5+$AD82*1000/$R$5/$T$5/$U$5+($AC82*$Q$5*$P$5/$S$5/$T$5/$U$5+$AD82*1000/$R$5/$T$5/$U$5)*$V$5,0) -> 78 | AF82: =ROUNDDOWN(AE82*(1+$M$5),0) -> 133 | AG82: 2.6 | AH82: =15*60 -> 900 | AI82: 800000 | AJ82: 8000 | AK82: '15년도 | AL82: 17200 | AM82: 롤컷팅 | AN82: 600 | AO82: 700 | AP82: =INT(AN82*AO82)/100 -> 4200
X83: SHEAR'G | Y83: 쉐어링(프레스) | Z83: 2 | AA83: 2.7 | AB83: 0.27 | AC83: 3 | AD83: 12500 | AE83: =ROUNDDOWN($AA83*$AB83*$W$5*$O$5+$AC83*$Q$5*$P$5/$S$5/$T$5/$U$5+$AD83*1000/$R$5/$T$5/$U$5+($AC83*$Q$5*$P$5/$S$5/$T$5/$U$5+$AD83*1000/$R$5/$T$5/$U$5)*$V$5,0)-1 -> 106 | AF83: =ROUNDDOWN(AE83*(1+$M$5),0) -> 181 | AG83: 11 | AH83: =5*60 -> 300 | AI83: 600000 | AJ83: 6000 | AK83: '16년도 | AL83: 17700 | AM83: 롤컷팅 | AN83: 600 | AO83: 700 | AP83: =INT(AN83*AO83)/100 -> 4200
Y84: 쉐어링(롤컷) | Z84: 2 | AA84: 2.7 | AB84: 0.27 | AC84: 3 | AD84: 12500 | AE84: =ROUNDDOWN($AA84*$AB84*$W$5*$O$5+$AC84*$Q$5*$P$5/$S$5/$T$5/$U$5+$AD84*1000/$R$5/$T$5/$U$5+($AC84*$Q$5*$P$5/$S$5/$T$5/$U$5+$AD84*1000/$R$5/$T$5/$U$5)*$V$5,0)-1 -> 106 | AF84: =ROUNDDOWN(AE84*(1+$M$5),0) -> 181 | AG84: 11 | AH84: =5*60 -> 300 | AI84: 400000 | AJ84: 4000 | AK84: '17년도 | AL84: 18200 | AM84: 파워프레스 | AN84: 500 | AO84: 600 | AP84: =INT(AN84*AO84)/100 -> 3000
X85: PRESS CUT | Y85: 파워프레스 | Z85: 1 | AA85: 11 | AB85: 0.27 | AC85: 12 | AD85: 61000 | AE85: =ROUNDDOWN($AA85*$AB85*$W$5*$O$5+$AC85*$Q$5*$P$5/$S$5/$T$5/$U$5+$AD85*1000/$R$5/$T$5/$U$5+($AC85*$Q$5*$P$5/$S$5/$T$5/$U$5+$AD85*1000/$R$5/$T$5/$U$5)*$V$5,0)-1 -> 457 | AF85: =ROUNDDOWN(AE85*(1+$M$5),0) -> 781 | AG85: 40 | AH85: =10*60 -> 600 | AI85: 300000 | AJ85: 3000 | AK85: '18년도 | AL85: 18900 | AM85: 전테이핑 | AN85: 700 | AO85: 1000 | AP85: =INT(AN85*AO85)/100 -> 7000
X86: ROLL CUT | Y86: 롤컷팅 | Z86: 1 | AA86: 2.3 | AB86: 0.27 | AC86: 10 | AD86: 12000 | AE86: =ROUNDDOWN($AA86*$AB86*$W$5*$O$5+$AC86*$Q$5*$P$5/$S$5/$T$5/$U$5+$AD86*1000/$R$5/$T$5/$U$5+($AC86*$Q$5*$P$5/$S$5/$T$5/$U$5+$AD86*1000/$R$5/$T$5/$U$5)*$V$5,0) -> 101 | AF86: =ROUNDDOWN(AE86*(1+$M$5),0) -> 172 | AG86: 44 | AH86: =10*60 -> 600 | AI86: 200000 | AJ86: 2500 | AK86: '19년도 | AL86: 19800 | AM86: 슬릿팅 | AN86: 500 | AO86: 1000 | AP86: =INT(AN86*AO86)/100 -> 5000
X87: A/CUT | Y87: 오토컷팅 | Z87: 1 | AA87: 3.1 | AB87: 0.27 | AC87: 4.1 | AD87: 40000 | AE87: =ROUNDDOWN($AA87*$AB87*$W$5*$O$5+$AC87*$Q$5*$P$5/$S$5/$T$5/$U$5+$AD87*1000/$R$5/$T$5/$U$5+($AC87*$Q$5*$P$5/$S$5/$T$5/$U$5+$AD87*1000/$R$5/$T$5/$U$5)*$V$5,0) -> 180 | AF87: =ROUNDDOWN(AE87*(1+$M$5),0) -> 307 | AG87: 3.6 | AH87: =10*60 -> 600 | AI87: 150000 | AJ87: 2000 | AK87: '20년도 | AL87: 20700 | AM87: 쉐어링(프레스) | AN87: 500 | AO87: 1000 | AP87: =INT(AN87*AO87)/100 -> 5000
X88: VERTICAL | Y88: 버티컬컷팅 | Z88: 1 | AA88: 3 | AB88: 0.27 | AC88: 4.5 | AD88: 3320 | AE88: =ROUNDDOWN($AA88*$AB88*$W$5*$O$5+$AC88*$Q$5*$P$5/$S$5/$T$5/$U$5+$AD88*1000/$R$5/$T$5/$U$5+($AC88*$Q$5*$P$5/$S$5/$T$5/$U$5+$AD88*1000/$R$5/$T$5/$U$5)*$V$5,0) -> 96 | AF88: =ROUNDDOWN(AE88*(1+$M$5),0) -> 164 | AG88: 5 | AH88: =10*60 -> 600 | AI88: 100000 | AJ88: 1500 | AK88: '21년도 | AL88: 21600 | AM88: 쉐어링(롤컷) | AN88: 700 | AO88: 1000 | AP88: =INT(AN88*AO88)/100 -> 7000
X89: HOLE 제거 | Y89: 홀트리밍 | Z89: 1 | AA89: 0 | AC89: 0 | AD89: 0 | AE89: =ROUNDDOWN($AA89*$AB89*$O$5+$AC89*$Q$5*$P$5/$S$5/$T$5/$U$5+$AD89*1000/$R$5/$T$5/$U$5+($AC89*$Q$5*$P$5/$S$5/$T$5/$U$5+$AD89*1000/$R$5/$T$5/$U$5)*$V$5,0) -> 0 | AF89: =ROUNDDOWN(AE89*(1+$M$5),0) -> 0 | AG89: 2 | AH89: 0 | AI89: 80000 | AJ89: 1200 | AK89: '22년도 | AL89: 22500
X90: 後TAP'G | Y90: 후테이핑 | Z90: 1 | AA90: 0 | AC90: 0 | AD90: 0 | AE90: =ROUNDDOWN($AA90*$AB90*$O$5+$AC90*$Q$5*$P$5/$S$5/$T$5/$U$5+$AD90*1000/$R$5/$T$5/$U$5+($AC90*$Q$5*$P$5/$S$5/$T$5/$U$5+$AD90*1000/$R$5/$T$5/$U$5)*$V$5,0) -> 0 | AF90: =ROUNDDOWN(AE90*(1+$M$5),0) -> 0 | AG90: 6 | AH90: 0 | AI90: 60000 | AJ90: 950
Y91: 포장 | Z91: 1 | AA91: 0 | AC91: 0 | AD91: 0 | AE91: =ROUNDDOWN($AA91*$AB91*$O$5+$AC91*$Q$5*$P$5/$S$5/$T$5/$U$5+$AD91*1000/$R$5/$T$5/$U$5+($AC91*$Q$5*$P$5/$S$5/$T$5/$U$5+$AD91*1000/$R$5/$T$5/$U$5)*$V$5,0) -> 0 | AF91: =ROUNDDOWN(AE91*(1+$M$5),0) -> 0 | AH91: 0 | AI91: 40000 | AJ91: 760
AI92: 30000 | AJ92: 670
AI93: 25000 | AJ93: 620
X94: 구분 | Y94: 두께범위 | Z94: 1000 | AA94: 25 | AB94: 15 | AC94: 11.999999 | AD94: 7 | AI94: 20000 | AJ94: 540
X95: 오토컷팅 | Y95: PU FOAM | Z95: 롤컷팅 | AA95: 파워프레스 | AB95: 파워프레스 | AC95: 오토컷팅 | AD95: 오토컷팅 | AI95: 15000 | AJ95: 440
X96: 파워프레스 | Y96: PE FOAM | Z96: 롤컷팅 | AA96: 롤컷팅 | AB96: 파워프레스 | AC96: 파워프레스 | AD96: 오토컷팅 | AI96: 10000 | AJ96: 330
X97: 롤컷 | Y97: EVA FOAM | Z97: 롤컷팅 | AA97: 롤컷팅 | AB97: 파워프레스 | AC97: 파워프레스 | AD97: 오토컷팅 | AI97: 7000 | AJ97: 270
Y98: PVC FOAM | Z98: 롤컷팅 | AA98: 롤컷팅 | AB98: 파워프레스 | AC98: 파워프레스 | AD98: 오토컷팅 | AI98: 5000 | AJ98: 230
Y99: EPDM FOAM | Z99: 롤컷팅 | AA99: 롤컷팅 | AB99: 파워프레스 | AC99: 파워프레스 | AD99: 오토컷팅 | AI99: 4000 | AJ99: 210
Y100: 일반 FOAM | Z100: 롤컷팅 | AA100: 롤컷팅 | AB100: 파워프레스 | AC100: 파워프레스 | AD100: 오토컷팅 | AI100: 3000 | AJ100: 180
Y101: 점착Tape | Z101: 롤컷팅 | AA101: 롤컷팅 | AB101: 파워프레스 | AC101: 파워프레스 | AD101: 오토컷팅 | AI101: 2500 | AJ101: 160
AI102: 2000 | AJ102: 140
AI103: 1500 | AJ103: 110
AI104: 1000 | AJ104: 100
Y105: 3.1 PAD재질 단가 | AI105: 700 | AJ105: 100
Y106: 재질명 | Z106: GRADE | AA106: 밀도 | AB106: 단가 | AD106: MS SPEC | AE106: MAKER | AF106: 비 고 | AI106: 500 | AJ106: 90
Z107: 규 격 | AA107: (g/㎤) | AB107: (\/㎡,1t) | AI107: 400 | AJ107: 80
Z108: [PE FOAM] | AI108: 300 | AJ108: 60
Z109: S 0500(TYPE1) | AA109: 0.18 | AB109: 1368 | AC109: PE FOAM | AD109: 252-8,T1 | AI109: 200 | AJ109: 50
Z110: S 0800(8배) | AA110: =AA111*10/8 -> 0.1125 | AB110: 859 | AC110: PE FOAM | AD110: 252-8 | AF110: ·폭1,000㎜ROLL(15t이하)
Y111: PE FOAM | Z111: S 1000(10배) | AA111: 0.09 | AB111: 700 | AC111: PE FOAM | AD111: TYPE 2 | AF111: - 16t이상은 SHEET.
Z112: S 1500(15배) | AA112: 0.07 | AB112: 589 | AC112: PE FOAM | AD112: TYPE 3 | AE112: 영 보 | AF112: ·16t이상은 생산안됨.
Z113: S 2000(20배) | AA113: 0.05 | AB113: 366 | AC113: PE FOAM | AD113: TYPE 4 | AE113: 케미칼 | AF113: (합지에 대한 추가금액은
Z114: S 3000(30배) | AA114: 0.03 | AB114: 296 | AC114: PE FOAM | AD114: TYPE 5 | AF114: 없음)
Z115: S 3500(35배) | AA115: =AA114*30/35 -> 0.025714286 | AB115: 270 | AC115: PE FOAM
A116: # 개정이력 | Z116: S 4000(40배) | AA116: 0.025 | AB116: 234 | AC116: PE FOAM | AD116: TYPE 6
A117: - ver3 : TAPE CAVITY 산정시 LOSS율 반영 → 미반영 / 2019.08.09 | Z117: 전자선가교PE 15배 | AA117: =AA112 -> 0.07 | AB117: 693 | AC117: PE FOAM
A118: - ver3 : SHEET 규격 수식 수정 / 2019.08.09 | Z118: 전자선가교PE 20배 | AA118: =AA113 -> 0.05 | AB118: 513 | AC118: PE FOAM
A119: - ver3 : 산폐비 수식 수정 / 2019.08.09 | Z119: 전자선가교PP 20배 | AA119: =AA113 -> 0.05 | AB119: 627 | AC119: PE FOAM
Z120: 무가교PE 비난연 | AA120: =AA118 -> 0.05 | AB120: 154 | AC120: PE FOAM | AE120: 한비
Z121: 무가교PE 난연 | AA121: =AA118 -> 0.05 | AB121: 194 | AC121: PE FOAM | AE121: 우레탄
Z122: [PU FOAM]
Z123: 난연(흑색) | AA123: 0.018 | AB123: 91 | AC123: PU FOAM
Y124: PU FOAM | Z124: 백난연 | AA124: 0.018 | AB124: 102 | AC124: PU FOAM
Z125: 비난연(백색) | AA125: 0.015 | AB125: 72 | AC125: PU FOAM
...

Sheet 1-5. 원가산출자료
B2: 품 명 | C2: GARNISH-CRASH PAD D_SIDE(M/PAINT) | H2: 품 번 | I2: 55591-P1100 | K2: EO NO | N2: 재질 | O2: PC+PBT-008 TYPE B (MS215-08) | R2: 비중 | S2: =I18 -> 1.3576994
B5: 투 영 사이즈 (mm) | H5: DATA중량(g) | N5: 제품두께
B17: 가로 | C17: 세로 | D17: 높이 | H17: VOL | I17: 비중 | J17: 중량(g) | N17: 제품 두께
B18: 227.12255 | C18: 37.534135 | D18: 55.408007 | H18: =J18*1000/I18 -> 32665.4 | I18: 1.3576994 | J18: 44.349793 | N18: 7
B19: 투 영 면적(mm²) | H19: 표면처리 면적(도금/도장/EMBO) | N19: 내/외곽 길이
H30: 면적 (Dm²) | I30: 면적(㎟) | J30: 면적(cm²) | K30: 면적(m²) | L30: 면적(Dm²) | M30: 합계 (cm²기준)
B31: 투영 면적 | I31: 11393.754 | J31: =I31*0.01 -> 113.93754 | K31: =J31*0.01*0.01 -> 0.011393754 | L31: =K31*100 -> 1.1393754 | M31: =SUM(J31:J33) -> 113.93754
B32: ㎟ | C32: cm² | I32: 0 | J32: =I32*0.01 -> 0 | K32: =J32*0.01*0.01 -> 0 | L32: =K32*100 -> 0 | N32: 외부길이 | O32: 515.5228
B33: 6116.0201 | C33: =B33*0.01 -> 61.160201 | I33: 0 | J33: =I33*0.01 -> 0 | K33: =J33*0.01*0.01 -> 0 | L33: =K33*100 -> 0 | N33: 내부길이
B34: 금형사진 | H34: P/LINE 사상 길이
H47: P/LINE 사상길이(mm) | N47: 672.98237

Sheet 1-6. 사상
A2: ■사상공정
A4: 품 번 | C4: 55591-P1200 | E4: 품 명 | G4: GARNISH-CRASH PAD D_SIDE | N4: 사상길이 (mm)
A5: 도면주기 | N5: 1 | O5: 701.17096
N6: 2
N7: 4
N8: 5
N9: 8
N10: 15
N11: 15
N12: 23
N13: 23
N14: 21
N15: 24
N16: 16
A17: TOTAL | N17: =SUM(O5:O16) -> 701.17096

Sheet #레이저엠보
A1: ▣ 부식비 산출계산서
A3: 품 번 | C3: 55648-98655 | E3: 품 명 | F3: GANH ASY RASPAD D/SIDE
A4: SUB 품번 | C4: 55648-98655 | E4: SUB 품명 | F4: GANH ASY RASPAD D/SIDE(LASER)
A5: ▣ 부식비 산출내역
A6: 부식면적(㎠) (A) | C6: CAVITY (B) | E6: 부식난이도 (C) | G6: 면적당 부식비 (원) (D) | I6: 산출가 (원) | L6: 비 고
A7: 112 | C7: 4 | E7: 329 | G7: 2254 | I7: =(G7*A7)+1078000 -> 1330448 | L7: ▶레이저엠보
A8: 합계 | I8: =SUM(I7:K7) -> 1330448
A28: 산출기준 : | C28: 금형원가표준 부식비 산출기준 적용

Sheet #납입용기
A1: 납입용기 (설정,변경)서
AA4: 단프라박스 변경
B6: 1. 공 장 명 : MOBIS 광주모듈공장 | H6: 2. 업 체 : RIED | O6: 14. 제품적입된 입체 COLOR 사진부착(PALLET 도면첨부)
B7: 3. 업 체 명 : ㈜G-텍텍텍 | H7: 4. 차 종 : qq5
B8: 5. 업체담당자 : 최영 | H8: (☎ 062-570-0941)
B9: 6. PART NO : | D9: 55648-98655 外 | H9: 7. 이원화 업체명 :
B10: 8. PART NAME : GARNISH ASSY D/SIDE
B11: 9. 용 기 명 : BOX ( ○ ), PALLET( )
B12: a | C12: 색상 | D12: 밝은 하늘색(13호) | H12: I | I12: 방청유 도포 | L12: YES, NO
B13: b | C13: 길이(L) | D13: 590(mm) | H13: j | I13: 세정 BOX | L13: YES, NO
B14: c | C14: 폭(W) | D14: 360(mm) | H14: k | I14: 부품세정 여부 | L14: YES, NO
B15: d | C15: 높이(H) | D15: 120(mm) | H15: 10. 부품 적입요령
B16: e | C16: 적입수량 | D16: 16(EA) | H16: 구분 | I16: 항목 | K16: 적입수량(EA)
B17: f | C17: 부품중량 | D17: 0.06(kg) | H17: a | I17: 가로 | K17: 7
B18: g | C18: 공용기 중량 | D18: 2.35(kg) | H18: b | I18: 세로 | K18: 28
B19: h | C19: 총용기 중량 | D19: 3.31(kg) | H19: c | I19: 적입단수 | K19: 2
B20: 11. 납입용기(설정,변경)사유 | H20: 12. 특기사항
B21: a | C21: 적용시점 : | D21: 신규(qq5)
B22: b | C22: 설변사유 : | D22: 신규
B23: c | C23: 변경내용 : | D23: 신규
B24: 13. 납입 DATA
B25: 순위 | C25: PART NO | D25: 납입 TYPE | E25: 선행 시간 | F25: LOT | H25: 주간단위 | O25: 일간단위
H26: 월 | I26: 화 | J26: 수 | K26: 목 | L26: 금 | M26: 토 | O26: 08시 | P26: 10시 | Q26: 13시 | R26: 15시 | S26: 18시 | T26: 21시 | U26: 23시 | V26: 02시 | W26: 04시 | X26: 06시
B27: 4 | C27: 55648-98655 | D27: 비납입지시 | H27: ○ | I27: ○ | J27: ○ | K27: ○ | L27: ○ | M27: ○ | O27: ○ | P27: ○ | Q27: ○ | R27: ○ | S27: ○ | T27: ○ | U27: ○
B28: 11 | C28: 55590-P1100 | D28: 비납입지시 | H28: ○ | I28: ○ | J28: ○ | K28: ○ | L28: ○ | M28: ○ | O28: ○ | P28: ○ | Q28: ○ | R28: ○ | S28: ○ | T28: ○ | U28: ○
B29: 5 | C29: 55590-P1200 | D29: 비납입지시 | H29: ○ | I29: ○ | J29: ○ | K29: ○ | L29: ○ | M29: ○ | O29: ○ | P29: ○ | Q29: ○ | R29: ○ | S29: ○ | T29: ○ | U29: ○
B30: 16 | C30: 55648-98855 | D30: 비납입지시 | H30: ○ | I30: ○ | J30: ○ | K30: ○ | L30: ○ | M30: ○ | O30: ○ | P30: ○ | Q30: ○ | R30: ○ | S30: ○ | T30: ○ | U30: ○
B31: 12 | C31: 55590-P1600 | D31: 비납입지시 | H31: ○ | I31: ○ | J31: ○ | K31: ○ | L31: ○ | M31: ○ | O31: ○ | P31: ○ | Q31: ○ | R31: ○ | S31: ○ | T31: ○ | U31: ○
A33: MQF-04-65(A-01) | L33: 현대모비스㈜ | V33: A4(297X210)

Sheet #보호랩
A1: ■ 지-텍텍텍 차종별 보호WRAP 추가 소요비용 현황
A4: 순 | B4: 차종 | C4: 품 번 | D4: 품 명 | E4: SUB품 | F4: SIZE (mm*mm) | H4: 단위 | I4: 소요량 (M2) | J4: C/T (초) | K4: 원수 | L4: 원가 | O4: 결정가 | P4: 비고
L5: 재료비 | M5: 가공비 | N5: 計
A6: 10 | B6: qq5 | C6: 55590-P1100 | D6: GARNISH C/PAD D/SIDE | E6: WRAP | F6: 367 | G6: 134 | H6: ㎡ | I6: =F6*G6/1000000 -> 0.049178 | J6: 8 | K6: 2 | L6: =I6*K6*320*1.02 -> 32.103398 | M6: =+J6*1.1*18000/3600 -> 44 | N6: =L6+M6*1.25*1.15 -> 95.353398 | O6: =ROUND(N6,0) -> 95 | P6: 320\/㎡
A7: 소 계 | L7: =SUM(L6) -> 32.103398 | M7: =SUM(M6) -> 44 | N7: =SUM(N6) -> 95.353398 | O7: =SUM(O6) -> 95

Sheet 2호금형증빙

Sheet 11-3. PAD
A1: ■ PAD류 견적서
A4: 기 | B4: 차종 | C4: 년생산댓수 | D4: 총수량 | E4: 임율기준 | F4: 임률기준 | G4: 간접비율 | H4: 일관비율 | I4: 전력단가 | J4: 작성자 | K4: 현대모비스
A5: 준 | B5: qq5 | C5: 189076 | D5: =C5*7 -> 1323532 | E5: 1915 | F5: =VLOOKUP($E$5,$AL$50:$AM$66,2,0) -> #N/A | G5: 0.60497962 | H5: 0.23919403 | I5: 82 | J5: 작성일 | K5: 2020.05.26
A7: 1]부품Spec
A8: S/N | B8: 부번 | C8: 품명 | E8: 제품Size | I8: 년간수량 | J8: Cavity | K8: 스폰지 | O8: 테이핑 | S8: 기타 | U8: 컷팅구분 | V8: 견적가 | W8: 공정 (두께기준) | X8: Loss율 | Z8: LOT수량 | AB8: 투입면적 | AC8: Cavity | AF8: 제품면적 | AG8: Scrap면적 | AH8: 설비 | AI8: 금형
E9: 가로(W) | F9: 세로(L) | G9: 두께(T) | H9: 타입 | J9: (MM) | K9: 사양 | L9: 세부재질 | M9: 스폰지단가 | N9: 비중 | O9: 테이프사양 | P9: 테이핑구분 | Q9: 후테이핑횟수 | R9: 테이프단가 | S9: 트리밍횟수 | T9: V/CUT길이(㎝) | X9: Pad | Y9: Tape | Z9: 기준 | AA9: 롤전테이핑 | AB9: (㎠) | AC9: 금형 | AD9: 테이핑 | AE9: 재단 | AF9: (㎠) | AG9: (㎠) | AI9: 가로 | AJ9: 세로 | AK9: 면적(㎠)
A10: 0 | B10: 84796-P1020 | C10: PAD ANTINOSE NO.5 | E10: 52 | F10: 13 | G10: 0.53722446 | H10: 직형 | I10: =+C5 -> 189076 | J10: 1 | K10: =IF($L10="","",INDEX($Z$80:$AC$133,MATCH($L10,$Z$80:$Z$133,0),4)) -> 일반 FOAM | L10: 흑색부직포(100g/㎡) | M10: =IF($L10="",0,INDEX($Z$80:$AC$133,MATCH($L10,$Z$80:$Z$133,0),3)) -> 682 | N10: =IF($L10="",0,INDEX($Z$80:$AB$133,MATCH($L10,$Z$80:$Z$133,0),2)) -> 0.1 | O10: P-300 | P10: =IF($O10="","미적용",IF(AND($K10="PU FOAM",$G10<12),"ROLL",IF(AND($K10="PE FOAM",$G10<7),"ROLL",IF(AND($K10="PVC FOAM",$G10<7),"ROLL","SHEET")))) -> SHEET | R10: =IF($P10="미적용",0,INDEX($Z$138:$AA$182,MATCH($O10,$Z$138:$Z$182,0),2)) -> 3108 | U10: 오토컷팅 | V10: =IF($E10=0,0,ROUND(SUM($Q30:$T30),1)) -> #N/A | W10: =INDEX($Y$67:$AE$72,MATCH($K10,$Y$67:$Y$72,0),MATCH($G10,$Y$66:$AE$66,-1)) -> 오토컷 | X10: 0.010411247 | Y10: =IF(OR($O10="P-100",$O10="P-200",$O10="P-300",$O10="P-400",$O10="H-100"),$X10,5%) -> 0.010411247 | Z10: =INDEX($AJ$50:$AK$64,MATCH($I10,$AJ$50:$AJ$64,-1),2) -> 2500 | AA10: =IF($P10<>"ROLL",0,IF(AND($K10="PU FOAM",$G10<5),200*$AD10,IF(AND($K10="PU FOAM",$G10>=5),100*$AD10,IF(AND($K10="PE FOAM",$G10<5),200*$AD10,IF(AND($K10="PE FOAM",$G10>=5),100*$AD10,IF($K10="PVC FOAM",100*$AD10,0)))))) -> 0 | AB10: =$E10*$F10*(1+$X10)/$J10/100 -> 6.83038 | AC10: =IF($E10=0,0,TRUNC(INDEX($AH$10:$AK$13,MATCH($U10,$AH$10:$AH$13,0),4)/$AB10)*$J10)*IF(AND($U10="파워프레스",$G10<=50),INT(50/$G10),1) -> 63 | AD10: =TRUNC($AK$14/$AB10,0) -> 732 | AE10: =TRUNC(IF($U10="오토컷팅",$AK$15/$AB10,IF($U10="파워프레스",$AK$16/$AB10,IF($U10="A롤컷팅",$AK$17/$AB10,IF($U10="B롤컷팅",$AK$18/$AB10,0)))),0) -> 732 | AF10: =$E10*$F10/100 -> 6.76 | AG10: =$E10*$F10*$X10/100 -> 0.070380031 | AH10: 오토컷팅 | AI10: 150 | AJ10: 290 | AK10: =INT(AI10*AJ10)/100 -> 435
A11: 1 | B11: 84791-P1110 | C11: PAD ANTINOSE NO.7 | E11: 20 | F11: 12 | G11: 0.44924512 | H11: 직형 | I11: =+C5 -> 189076 | J11: 0 | K11: =IF($L11="","",INDEX($Z$80:$AC$133,MATCH($L11,$Z$80:$Z$133,0),4)) -> 일반 FOAM | L11: 흑색부직포(100g/㎡) | M11: =IF($L11="",0,INDEX($Z$80:$AC$133,MATCH($L11,$Z$80:$Z$133,0),3)) -> 682 | N11: =IF($L11="",0,INDEX($Z$80:$AB$133,MATCH($L11,$Z$80:$Z$133,0),2)) -> 0.1 | O11: P-300 | P11: =IF($O11="","미적용",IF(AND($K11="PU FOAM",$G11<12),"ROLL",IF(AND($K11="PE FOAM",$G11<7),"ROLL",IF(AND($K11="PVC FOAM",$G11<7),"ROLL","SHEET")))) -> SHEET | R11: =IF($P11="미적용",0,INDEX($Z$138:$AA$182,MATCH($O11,$Z$138:$Z$182,0),2)) -> 3108 | U11: 오토컷팅 | V11: =IF($E11=0,0,ROUND(SUM($Q31:$T31),1)) -> #DIV/0! | W11: =INDEX($Y$67:$AE$72,MATCH($K11,$Y$67:$Y$72,0),MATCH($G11,$Y$66:$AE$66,-1)) -> 오토컷 | X11: 0.010335708 | Y11: =IF(OR($O11="P-100",$O11="P-200",$O11="P-300",$O11="P-400",$O11="H-100"),$X11,5%) -> 0.010335708 | Z11: =INDEX($AJ$50:$AK$64,MATCH($I11,$AJ$50:$AJ$64,-1),2) -> 2500 | AA11: =IF($P11<>"ROLL",0,IF(AND($K11="PU FOAM",$G11<5),200*$AD11,IF(AND($K11="PU FOAM",$G11>=5),100*$AD11,IF(AND($K11="PE FOAM",$G11<5),200*$AD11,IF(AND($K11="PE FOAM",$G11>=5),100*$AD11,IF($K11="PVC FOAM",100*$AD11,0)))))) -> 0 | AB11: =$E11*$F11*(1+$X11)/$J11/100 -> #DIV/0! | AC11: =IF($E11=0,0,TRUNC(INDEX($AH$10:$AK$13,MATCH($U11,$AH$10:$AH$13,0),4)/$AB11)*$J11)*IF(AND($U11="파워프레스",$G11<=50),INT(50/$G11),1) -> #DIV/0! | AD11: =TRUNC($AK$14/$AB11,0) -> #DIV/0! | AE11: =TRUNC(IF($U11="오토컷팅",$AK$15/$AB11,IF($U11="파워프레스",$AK$16/$AB11,IF($U11="A롤컷팅",$AK$17/$AB11,IF($U11="B롤컷팅",$AK$18/$AB11,0)))),0) -> #DIV/0! | AF11: =$E11*$F11/100 -> 2.4 | AG11: =$E11*$F11*$X11/100 -> 0.0248057 | AH11: A롤컷팅 | AI11: 600 | AJ11: 700 | AK11: =INT(AI11*AJ11)/100 -> 4200
A12: 2 | J12: 1 | K12: =IF($L12="","",INDEX($Z$80:$AC$133,MATCH($L12,$Z$80:$Z$133,0),4)) | M12: =IF($L12="",0,INDEX($Z$80:$AC$133,MATCH($L12,$Z$80:$Z$133,0),3)) -> 0 | N12: =IF($L12="",0,INDEX($Z$80:$AB$133,MATCH($L12,$Z$80:$Z$133,0),2)) -> 0 | P12: =IF($O12="","미적용",IF(AND($K12="PU FOAM",$G12<12),"ROLL",IF(AND($K12="PE FOAM",$G12<7),"ROLL",IF(AND($K12="PVC FOAM",$G12<7),"ROLL","SHEET")))) -> 미적용 | R12: =IF($P12="미적용",0,INDEX($Z$138:$AA$182,MATCH($O12,$Z$138:$Z$182,0),2)) -> 0 | V12: =IF($E12=0,0,ROUND(SUM($Q32:$T32),1)) -> 0 | W12: =INDEX($Y$67:$AE$72,MATCH($K12,$Y$67:$Y$72,0),MATCH($G12,$Y$66:$AE$66,-1)) -> #N/A | X12: 0.011592334 | Y12: =IF(OR($O12="P-100",$O12="P-200",$O12="P-300",$O12="P-400",$O12="H-100"),$X12,5%) -> 0.05 | Z12: =INDEX($AJ$50:$AK$64,MATCH($I12,$AJ$50:$AJ$64,-1),2) -> 150 | AA12: =IF($P12<>"ROLL",0,IF(AND($K12="PU FOAM",$G12<5),200*$AD12,IF(AND($K12="PU FOAM",$G12>=5),100*$AD12,IF(AND($K12="PE FOAM",$G12<5),200*$AD12,IF(AND($K12="PE FOAM",$G12>=5),100*$AD12,IF($K12="PVC FOAM",100*$AD12,0)))))) -> 0 | AB12: =$E12*$F12*(1+$X12)/$J12/100 -> 0 | AC12: =IF($E12=0,0,TRUNC(INDEX($AH$10:$AK$13,MATCH($U12,$AH$10:$AH$13,0),4)/$AB12)*$J12)*IF(AND($U12="파워프레스",$G12<=50),INT(50/$G12),1) -> 0 | AD12: =TRUNC($AK$14/$AB12,0) -> #DIV/0! | AE12: =TRUNC(IF($U12="오토컷팅",$AK$15/$AB12,IF($U12="파워프레스",$AK$16/$AB12,IF($U12="A롤컷팅",$AK$17/$AB12,IF($U12="B롤컷팅",$AK$18/$AB12,0)))),0) -> 0 | AF12: =$E12*$F12/100 -> 0 | AG12: =$E12*$F12*$X12/100 -> 0 | AH12: A롤컷팅 | AI12: 600 | AJ12: 700 | AK12: =INT(AI12*AJ12)/100 -> 4200
A13: 4 | J13: 0 | K13: =IF($L13="","",INDEX($Z$80:$AC$133,MATCH($L13,$Z$80:$Z$133,0),4)) | M13: =IF($L13="",0,INDEX($Z$80:$AC$133,MATCH($L13,$Z$80:$Z$133,0),3)) -> 0 | N13: =IF($L13="",0,INDEX($Z$80:$AB$133,MATCH($L13,$Z$80:$Z$133,0),2)) -> 0 | P13: =IF($O13="","미적용",IF(AND($K13="PU FOAM",$G13<12),"ROLL",IF(AND($K13="PE FOAM",$G13<7),"ROLL",IF(AND($K13="PVC FOAM",$G13<7),"ROLL","SHEET")))) -> 미적용 | R13: =IF($P13="미적용",0,INDEX($Z$138:$AA$182,MATCH($O13,$Z$138:$Z$182,0),2)) -> 0 | V13: =IF($E13=0,0,ROUND(SUM($Q33:$T33),1)) -> 0 | W13: =INDEX($Y$67:$AE$72,MATCH($K13,$Y$67:$Y$72,0),MATCH($G13,$Y$66:$AE$66,-1)) -> #N/A | X13: 0.0080108595 | Y13: =IF(OR($O13="P-100",$O13="P-200",$O13="P-300",$O13="P-400",$O13="H-100"),$X13,5%) -> 0.05 | Z13: =INDEX($AJ$50:$AK$64,MATCH($I13,$AJ$50:$AJ$64,-1),2) -> 150 | AA13: =IF($P13<>"ROLL",0,IF(AND($K13="PU FOAM",$G13<5),200*$AD13,IF(AND($K13="PU FOAM",$G13>=5),100*$AD13,IF(AND($K13="PE FOAM",$G13<5),200*$AD13,IF(AND($K13="PE FOAM",$G13>=5),100*$AD13,IF($K13="PVC FOAM",100*$AD13,0)))))) -> 0 | AB13: =$E13*$F13*(1+$X13)/$J13/100 -> #DIV/0! | AC13: =IF($E13=0,0,TRUNC(INDEX($AH$10:$AK$13,MATCH($U13,$AH$10:$AH$13,0),4)/$AB13)*$J13)*IF(AND($U13="파워프레스",$G13<=50),INT(50/$G13),1) -> 0 | AD13: =TRUNC($AK$14/$AB13,0) -> #DIV/0! | AE13: =TRUNC(IF($U13="오토컷팅",$AK$15/$AB13,IF($U13="파워프레스",$AK$16/$AB13,IF($U13="A롤컷팅",$AK$17/$AB13,IF($U13="B롤컷팅",$AK$18/$AB13,0)))),0) -> 0 | AF13: =$E13*$F13/100 -> 0 | AG13: =$E13*$F13*$X13/100 -> 0 | AH13: 파워프레스 | AI13: 500 | AJ13: 600 | AK13: =INT(AI13*AJ13)/100 -> 3000
A14: 4 | K14: =IF($L14="","",INDEX($Z$80:$AC$133,MATCH($L14,$Z$80:$Z$133,0),4)) | M14: =IF($L14="",0,INDEX($Z$80:$AC$133,MATCH($L14,$Z$80:$Z$133,0),3)) -> 0 | N14: =IF($L14="",0,INDEX($Z$80:$AB$133,MATCH($L14,$Z$80:$Z$133,0),2)) -> 0 | P14: =IF($O14="","미적용",IF(AND($K14="PU FOAM",$G14<12),"ROLL",IF(AND($K14="PE FOAM",$G14<7),"ROLL",IF(AND($K14="PVC FOAM",$G14<7),"ROLL","SHEET")))) -> 미적용 | R14: =IF($P14="미적용",0,INDEX($Z$138:$AA$182,MATCH($O14,$Z$138:$Z$182,0),2)) -> 0 | V14: =IF($E14=0,0,ROUND(SUM($Q34:$T34),1)) -> 0 | W14: =INDEX($Y$67:$AE$72,MATCH($K14,$Y$67:$Y$72,0),MATCH($G14,$Y$66:$AE$66,-1)) -> #N/A | X14: 0.0086513534 | Y14: =IF(OR($O14="P-100",$O14="P-200",$O14="P-300",$O14="P-400",$O14="H-100"),$X14,5%) -> 0.05 | Z14: =INDEX($AJ$50:$AK$64,MATCH($I14,$AJ$50:$AJ$64,-1),2) -> 150 | AA14: =IF($P14<>"ROLL",0,IF(AND($K14="PU FOAM",$G14<5),200*$AD14,IF(AND($K14="PU FOAM",$G14>=5),100*$AD14,IF(AND($K14="PE FOAM",$G14<5),200*$AD14,IF(AND($K14="PE FOAM",$G14>=5),100*$AD14,IF($K14="PVC FOAM",100*$AD14,0)))))) -> 0 | AB14: =$E14*$F14*(1+$X14)/$J14/100 -> #DIV/0! | AC14: =IF($E14=0,0,TRUNC(INDEX($AH$10:$AK$13,MATCH($U14,$AH$10:$AH$13,0),4)/$AB14)*$J14)*IF(AND($U14="파워프레스",$G14<=50),INT(50/$G14),1) -> 0 | AD14: =TRUNC($AK$14/$AB14,0) -> #DIV/0! | AE14: =TRUNC(IF($U14="오토컷팅",$AK$15/$AB14,IF($U14="파워프레스",$AK$16/$AB14,IF($U14="A롤컷팅",$AK$17/$AB14,IF($U14="B롤컷팅",$AK$18/$AB14,0)))),0) -> 0 | AF14: =$E14*$F14/100 -> 0 | AG14: =$E14*$F14*$X14/100 -> 0 | AH14: 전테이핑 | AI14: 500 | AJ14: 1000 | AK14: =INT(AI14*AJ14)/100 -> 5000
A15: 6 | K15: =IF($L15="","",INDEX($Z$80:$AC$133,MATCH($L15,$Z$80:$Z$133,0),4)) | M15: =IF($L15="",0,INDEX($Z$80:$AC$133,MATCH($L15,$Z$80:$Z$133,0),3)) -> 0 | N15: =IF($L15="",0,INDEX($Z$80:$AB$133,MATCH($L15,$Z$80:$Z$133,0),2)) -> 0 | P15: =IF($O15="","미적용",IF(AND($K15="PU FOAM",$G15<12),"ROLL",IF(AND($K15="PE FOAM",$G15<7),"ROLL",IF(AND($K15="PVC FOAM",$G15<7),"ROLL","SHEET")))) -> 미적용 | R15: =IF($P15="미적용",0,INDEX($Z$138:$AA$182,MATCH($O15,$Z$138:$Z$182,0),2)) -> 0 | V15: =IF($E15=0,0,ROUND(SUM($Q35:$T35),1)) -> 0 | W15: =INDEX($Y$67:$AE$72,MATCH($K15,$Y$67:$Y$72,0),MATCH($G15,$Y$66:$AE$66,-1)) -> #N/A | X15: 0.011924587 | Y15: =IF(OR($O15="P-100",$O15="P-200",$O15="P-300",$O15="P-400",$O15="H-100"),$X15,5%) -> 0.05 | Z15: =INDEX($AJ$50:$AK$64,MATCH($I15,$AJ$50:$AJ$64,-1),2) -> 150 | AA15: =IF($P15<>"ROLL",0,IF(AND($K15="PU FOAM",$G15<5),200*$AD15,IF(AND($K15="PU FOAM",$G15>=5),100*$AD15,IF(AND($K15="PE FOAM",$G15<5),200*$AD15,IF(AND($K15="PE FOAM",$G15>=5),100*$AD15,IF($K15="PVC FOAM",100*$AD15,0)))))) -> 0 | AB15: =$E15*$F15*(1+$X15)/$J15/100 -> #DIV/0! | AC15: =IF($E15=0,0,TRUNC(INDEX($AH$10:$AK$13,MATCH($U15,$AH$10:$AH$13,0),4)/$AB15)*$J15)*IF(AND($U15="파워프레스",$G15<=50),INT(50/$G15),1) -> 0 | AD15: =TRUNC($AK$14/$AB15,0) -> #DIV/0! | AE15: =TRUNC(IF($U15="오토컷팅",$AK$15/$AB15,IF($U15="파워프레스",$AK$16/$AB15,IF($U15="A롤컷팅",$AK$17/$AB15,IF($U15="B롤컷팅",$AK$18/$AB15,0)))),0) -> 0 | AF15: =$E15*$F15/100 -> 0 | AG15: =$E15*$F15*$X15/100 -> 0 | AH15: 슬릿팅 | AI15: 500 | AJ15: 1000 | AK15: =INT(AI15*AJ15)/100 -> 5000
A16: 6 | K16: =IF($L16="","",INDEX($Z$80:$AC$133,MATCH($L16,$Z$80:$Z$133,0),4)) | M16: =IF($L16="",0,INDEX($Z$80:$AC$133,MATCH($L16,$Z$80:$Z$133,0),3)) -> 0 | N16: =IF($L16="",0,INDEX($Z$80:$AB$133,MATCH($L16,$Z$80:$Z$133,0),2)) -> 0 | P16: =IF($O16="","미적용",IF(AND($K16="PU FOAM",$G16<12),"ROLL",IF(AND($K16="PE FOAM",$G16<7),"ROLL",IF(AND($K16="PVC FOAM",$G16<7),"ROLL","SHEET")))) -> 미적용 | R16: =IF($P16="미적용",0,INDEX($Z$138:$AA$182,MATCH($O16,$Z$138:$Z$182,0),2)) -> 0 | V16: =IF($E16=0,0,ROUND(SUM($Q36:$T36),1)) -> 0 | W16: =INDEX($Y$67:$AE$72,MATCH($K16,$Y$67:$Y$72,0),MATCH($G16,$Y$66:$AE$66,-1)) -> #N/A | X16: 0.0089627938 | Y16: =IF(OR($O16="P-100",$O16="P-200",$O16="P-300",$O16="P-400",$O16="H-100"),$X16,5%) -> 0.05 | Z16: =INDEX($AJ$50:$AK$64,MATCH($I16,$AJ$50:$AJ$64,-1),2) -> 150 | AA16: =IF($P16<>"ROLL",0,IF(AND($K16="PU FOAM",$G16<5),200*$AD16,IF(AND($K16="PU FOAM",$G16>=5),100*$AD16,IF(AND($K16="PE FOAM",$G16<5),200*$AD16,IF(AND($K16="PE FOAM",$G16>=5),100*$AD16,IF($K16="PVC FOAM",100*$AD16,0)))))) -> 0 | AB16: =$E16*$F16*(1+$X16)/$J16/100 -> #DIV/0! | AC16: =IF($E16=0,0,TRUNC(INDEX($AH$10:$AK$13,MATCH($U16,$AH$10:$AH$13,0),4)/$AB16)*$J16)*IF(AND($U16="파워프레스",$G16<=50),INT(50/$G16),1) -> 0 | AD16: =TRUNC($AK$14/$AB16,0) -> #DIV/0! | AE16: =TRUNC(IF($U16="오토컷팅",$AK$15/$AB16,IF($U16="파워프레스",$AK$16/$AB16,IF($U16="A롤컷팅",$AK$17/$AB16,IF($U16="B롤컷팅",$AK$18/$AB16,0)))),0) -> 0 | AF16: =$E16*$F16/100 -> 0 | AG16: =$E16*$F16*$X16/100 -> 0 | AH16: 쉐어링(P) | AI16: 500 | AJ16: 1000 | AK16: =INT(AI16*AJ16)/100 -> 5000
A17: 9 | K17: =IF($L17="","",INDEX($Z$80:$AC$133,MATCH($L17,$Z$80:$Z$133,0),4)) | M17: =IF($L17="",0,INDEX($Z$80:$AC$133,MATCH($L17,$Z$80:$Z$133,0),3)) -> 0 | N17: =IF($L17="",0,INDEX($Z$80:$AB$133,MATCH($L17,$Z$80:$Z$133,0),2)) -> 0 | P17: =IF($O17="","미적용",IF(AND($K17="PU FOAM",$G17<12),"ROLL",IF(AND($K17="PE FOAM",$G17<7),"ROLL",IF(AND($K17="PVC FOAM",$G17<7),"ROLL","SHEET")))) -> 미적용 | R17: =IF($P17="미적용",0,INDEX($Z$138:$AA$182,MATCH($O17,$Z$138:$Z$182,0),2)) -> 0 | V17: =IF($E17=0,0,ROUND(SUM($Q37:$T37),1)) -> 0 | W17: =INDEX($Y$67:$AE$72,MATCH($K17,$Y$67:$Y$72,0),MATCH($G17,$Y$66:$AE$66,-1)) -> #N/A | X17: 0.0085185671 | Y17: =IF(OR($O17="P-100",$O17="P-200",$O17="P-300",$O17="P-400",$O17="H-100"),$X17,5%) -> 0.05 | Z17: =INDEX($AJ$50:$AK$64,MATCH($I17,$AJ$50:$AJ$64,-1),2) -> 150 | AA17: =IF($P17<>"ROLL",0,IF(AND($K17="PU FOAM",$G17<5),200*$AD17,IF(AND($K17="PU FOAM",$G17>=5),100*$AD17,IF(AND($K17="PE FOAM",$G17<5),200*$AD17,IF(AND($K17="PE FOAM",$G17>=5),100*$AD17,IF($K17="PVC FOAM",100*$AD17,0)))))) -> 0 | AB17: =$E17*$F17*(1+$X17)/$J17/100 -> #DIV/0! | AC17: =IF($E17=0,0,TRUNC(INDEX($AH$10:$AK$13,MATCH($U17,$AH$10:$AH$13,0),4)/$AB17)*$J17)*IF(AND($U17="파워프레스",$G17<=50),INT(50/$G17),1) -> 0 | AD17: =TRUNC($AK$14/$AB17,0) -> #DIV/0! | AE17: =TRUNC(IF($U17="오토컷팅",$AK$15/$AB17,IF($U17="파워프레스",$AK$16/$AB17,IF($U17="A롤컷팅",$AK$17/$AB17,IF($U17="B롤컷팅",$AK$18/$AB17,0)))),0) -> 0 | AF17: =$E17*$F17/100 -> 0 | AG17: =$E17*$F17*$X17/100 -> 0 | AH17: 쉐어링(R1) | AI17: 500 | AJ17: 700 | AK17: =INT(AI17*AJ17)/100 -> 3500
A18: 9 | K18: =IF($L18="","",INDEX($Z$80:$AC$133,MATCH($L18,$Z$80:$Z$133,0),4)) | M18: =IF($L18="",0,INDEX($Z$80:$AC$133,MATCH($L18,$Z$80:$Z$133,0),3)) -> 0 | N18: =IF($L18="",0,INDEX($Z$80:$AB$133,MATCH($L18,$Z$80:$Z$133,0),2)) -> 0 | P18: =IF($O18="","미적용",IF(AND($K18="PU FOAM",$G18<12),"ROLL",IF(AND($K18="PE FOAM",$G18<7),"ROLL",IF(AND($K18="PVC FOAM",$G18<7),"ROLL","SHEET")))) -> 미적용 | R18: =IF($P18="미적용",0,INDEX($Z$138:$AA$182,MATCH($O18,$Z$138:$Z$182,0),2)) -> 0 | V18: =IF($E18=0,0,ROUND(SUM($Q38:$T38),1)) -> 0 | W18: =INDEX($Y$67:$AE$72,MATCH($K18,$Y$67:$Y$72,0),MATCH($G18,$Y$66:$AE$66,-1)) -> #N/A | X18: 0.010427753 | Y18: =IF(OR($O18="P-100",$O18="P-200",$O18="P-300",$O18="P-400",$O18="H-100"),$X18,5%) -> 0.05 | Z18: =INDEX($AJ$50:$AK$64,MATCH($I18,$AJ$50:$AJ$64,-1),2) -> 150 | AA18: =IF($P18<>"ROLL",0,IF(AND($K18="PU FOAM",$G18<5),200*$AD18,IF(AND($K18="PU FOAM",$G18>=5),100*$AD18,IF(AND($K18="PE FOAM",$G18<5),200*$AD18,IF(AND($K18="PE FOAM",$G18>=5),100*$AD18,IF($K18="PVC FOAM",100*$AD18,0)))))) -> 0 | AB18: =$E18*$F18*(1+$X18)/$J18/100 -> #DIV/0! | AC18: =IF($E18=0,0,TRUNC(INDEX($AH$10:$AK$13,MATCH($U18,$AH$10:$AH$13,0),4)/$AB18)*$J18)*IF(AND($U18="파워프레스",$G18<=50),INT(50/$G18),1) -> 0 | AD18: =TRUNC($AK$14/$AB18,0) -> #DIV/0! | AE18: =TRUNC(IF($U18="오토컷팅",$AK$15/$AB18,IF($U18="파워프레스",$AK$16/$AB18,IF($U18="A롤컷팅",$AK$17/$AB18,IF($U18="B롤컷팅",$AK$18/$AB18,0)))),0) -> 0 | AF18: =$E18*$F18/100 -> 0 | AG18: =$E18*$F18*$X18/100 -> 0 | AH18: 쉐어링(R2) | AI18: 500 | AJ18: 700 | AK18: =INT(AI18*AJ18)/100 -> 3500
A19: 10 | K19: =IF($L19="","",INDEX($Z$80:$AC$133,MATCH($L19,$Z$80:$Z$133,0),4)) | M19: =IF($L19="",0,INDEX($Z$80:$AC$133,MATCH($L19,$Z$80:$Z$133,0),3)) -> 0 | N19: =IF($L19="",0,INDEX($Z$80:$AB$133,MATCH($L19,$Z$80:$Z$133,0),2)) -> 0 | P19: =IF($O19="","미적용",IF(AND($K19="PU FOAM",$G19<12),"ROLL",IF(AND($K19="PE FOAM",$G19<7),"ROLL",IF(AND($K19="PVC FOAM",$G19<7),"ROLL","SHEET")))) -> 미적용 | R19: =IF($P19="미적용",0,INDEX($Z$138:$AA$182,MATCH($O19,$Z$138:$Z$182,0),2)) -> 0 | V19: =IF($E19=0,0,ROUND(SUM($Q39:$T39),1)) -> 0 | W19: =INDEX($Y$67:$AE$72,MATCH($K19,$Y$67:$Y$72,0),MATCH($G19,$Y$66:$AE$66,-1)) -> #N/A | X19: 0.010775465 | Y19: =IF(OR($O19="P-100",$O19="P-200",$O19="P-300",$O19="P-400",$O19="H-100"),$X19,5%) -> 0.05 | Z19: =INDEX($AJ$50:$AK$64,MATCH($I19,$AJ$50:$AJ$64,-1),2) -> 150 | AA19: =IF($P19<>"ROLL",0,IF(AND($K19="PU FOAM",$G19<5),200*$AD19,IF(AND($K19="PU FOAM",$G19>=5),100*$AD19,IF(AND($K19="PE FOAM",$G19<5),200*$AD19,IF(AND($K19="PE FOAM",$G19>=5),100*$AD19,IF($K19="PVC FOAM",100*$AD19,0)))))) -> 0 | AB19: =$E19*$F19*(1+$X19)/$J19/100 -> #DIV/0! | AC19: =IF($E19=0,0,TRUNC(INDEX($AH$10:$AK$13,MATCH($U19,$AH$10:$AH$13,0),4)/$AB19)*$J19)*IF(AND($U19="파워프레스",$G19<=50),INT(50/$G19),1) -> 0 | AD19: =TRUNC($AK$14/$AB19,0) -> #DIV/0! | AE19: =TRUNC(IF($U19="오토컷팅",$AK$15/$AB19,IF($U19="파워프레스",$AK$16/$AB19,IF($U19="A롤컷팅",$AK$17/$AB19,IF($U19="B롤컷팅",$AK$18/$AB19,0)))),0) -> 0 | AF19: =$E19*$F19/100 -> 0 | AG19: =$E19*$F19*$X19/100 -> 0
A20: 12 | K20: =IF($L20="","",INDEX($Z$80:$AC$133,MATCH($L20,$Z$80:$Z$133,0),4)) | M20: =IF($L20="",0,INDEX($Z$80:$AC$133,MATCH($L20,$Z$80:$Z$133,0),3)) -> 0 | N20: =IF($L20="",0,INDEX($Z$80:$AB$133,MATCH($L20,$Z$80:$Z$133,0),2)) -> 0 | P20: =IF($O20="","미적용",IF(AND($K20="PU FOAM",$G20<12),"ROLL",IF(AND($K20="PE FOAM",$G20<7),"ROLL",IF(AND($K20="PVC FOAM",$G20<7),"ROLL","SHEET")))) -> 미적용 | R20: =IF($P20="미적용",0,INDEX($Z$138:$AA$182,MATCH($O20,$Z$138:$Z$182,0),2)) -> 0 | V20: =IF($E20=0,0,ROUND(SUM($Q40:$T40),1)) -> 0 | W20: =INDEX($Y$67:$AE$72,MATCH($K20,$Y$67:$Y$72,0),MATCH($G20,$Y$66:$AE$66,-1)) -> #N/A | X20: 0.0083902249 | Y20: =IF(OR($O20="P-100",$O20="P-200",$O20="P-300",$O20="P-400",$O20="H-100"),$X20,5%) -> 0.05 | Z20: =INDEX($AJ$50:$AK$64,MATCH($I20,$AJ$50:$AJ$64,-1),2) -> 150 | AA20: =IF($P20<>"ROLL",0,IF(AND($K20="PU FOAM",$G20<5),200*$AD20,IF(AND($K20="PU FOAM",$G20>=5),100*$AD20,IF(AND($K20="PE FOAM",$G20<5),200*$AD20,IF(AND($K20="PE FOAM",$G20>=5),100*$AD20,IF($K20="PVC FOAM",100*$AD20,0)))))) -> 0 | AB20: =$E20*$F20*(1+$X20)/$J20/100 -> #DIV/0! | AC20: =IF($E20=0,0,TRUNC(INDEX($AH$10:$AK$13,MATCH($U20,$AH$10:$AH$13,0),4)/$AB20)*$J20)*IF(AND($U20="파워프레스",$G20<=50),INT(50/$G20),1) -> 0 | AD20: =TRUNC($AK$14/$AB20,0) -> #DIV/0! | AE20: =TRUNC(IF($U20="오토컷팅",$AK$15/$AB20,IF($U20="파워프레스",$AK$16/$AB20,IF($U20="A롤컷팅",$AK$17/$AB20,IF($U20="B롤컷팅",$AK$18/$AB20,0)))),0) -> 0 | AF20: =$E20*$F20/100 -> 0 | AG20: =$E20*$F20*$X20/100 -> 0
A21: 11 | K21: =IF($L21="","",INDEX($Z$80:$AC$133,MATCH($L21,$Z$80:$Z$133,0),4)) | M21: =IF($L21="",0,INDEX($Z$80:$AC$133,MATCH($L21,$Z$80:$Z$133,0),3)) -> 0 | N21: =IF($L21="",0,INDEX($Z$80:$AB$133,MATCH($L21,$Z$80:$Z$133,0),2)) -> 0 | P21: =IF($O21="","미적용",IF(AND($K21="PU FOAM",$G21<12),"ROLL",IF(AND($K21="PE FOAM",$G21<7),"ROLL",IF(AND($K21="PVC FOAM",$G21<7),"ROLL","SHEET")))) -> 미적용 | R21: =IF($P21="미적용",0,INDEX($Z$138:$AA$182,MATCH($O21,$Z$138:$Z$182,0),2)) -> 0 | V21: =IF($E21=0,0,ROUND(SUM($Q41:$T41),1)) -> 0 | W21: =INDEX($Y$67:$AE$72,MATCH($K21,$Y$67:$Y$72,0),MATCH($G21,$Y$66:$AE$66,-1)) -> #N/A | X21: 0.011291228 | Y21: =IF(OR($O21="P-100",$O21="P-200",$O21="P-300",$O21="P-400",$O21="H-100"),$X21,5%) -> 0.05 | Z21: =INDEX($AJ$50:$AK$64,MATCH($I21,$AJ$50:$AJ$64,-1),2) -> 150 | AA21: =IF($P21<>"ROLL",0,IF(AND($K21="PU FOAM",$G21<5),200*$AD21,IF(AND($K21="PU FOAM",$G21>=5),100*$AD21,IF(AND($K21="PE FOAM",$G21<5),200*$AD21,IF(AND($K21="PE FOAM",$G21>=5),100*$AD21,IF($K21="PVC FOAM",100*$AD21,0)))))) -> 0 | AB21: =$E21*$F21*(1+$X21)/$J21/100 -> #DIV/0! | AC21: =IF($E21=0,0,TRUNC(INDEX($AH$10:$AK$13,MATCH($U21,$AH$10:$AH$13,0),4)/$AB21)*$J21)*IF(AND($U21="파워프레스",$G21<=50),INT(50/$G21),1) -> 0 | AD21: =TRUNC($AK$14/$AB21,0) -> #DIV/0! | AE21: =TRUNC(IF($U21="오토컷팅",$AK$15/$AB21,IF($U21="파워프레스",$AK$16/$AB21,IF($U21="A롤컷팅",$AK$17/$AB21,IF($U21="B롤컷팅",$AK$18/$AB21,0)))),0) -> 0 | AF21: =$E21*$F21/100 -> 0 | AG21: =$E21*$F21*$X21/100 -> 0
A22: 11 | K22: =IF($L22="","",INDEX($Z$80:$AC$133,MATCH($L22,$Z$80:$Z$133,0),4)) | M22: =IF($L22="",0,INDEX($Z$80:$AC$133,MATCH($L22,$Z$80:$Z$133,0),3)) -> 0 | N22: =IF($L22="",0,INDEX($Z$80:$AB$133,MATCH($L22,$Z$80:$Z$133,0),2)) -> 0 | P22: =IF($O22="","미적용",IF(AND($K22="PU FOAM",$G22<12),"ROLL",IF(AND($K22="PE FOAM",$G22<7),"ROLL",IF(AND($K22="PVC FOAM",$G22<7),"ROLL","SHEET")))) -> 미적용 | R22: =IF($P22="미적용",0,INDEX($Z$138:$AA$182,MATCH($O22,$Z$138:$Z$182,0),2)) -> 0 | V22: =IF($E22=0,0,ROUND(SUM($Q42:$T42),1)) -> 0 | W22: =INDEX($Y$67:$AE$72,MATCH($K22,$Y$67:$Y$72,0),MATCH($G22,$Y$66:$AE$66,-1)) -> #N/A | X22: 0.010713735 | Y22: =IF(OR($O22="P-100",$O22="P-200",$O22="P-300",$O22="P-400",$O22="H-100"),$X22,5%) -> 0.05 | Z22: =INDEX($AJ$50:$AK$64,MATCH($I22,$AJ$50:$AJ$64,-1),2) -> 150 | AA22: =IF($P22<>"ROLL",0,IF(AND($K22="PU FOAM",$G22<5),200*$AD22,IF(AND($K22="PU FOAM",$G22>=5),100*$AD22,IF(AND($K22="PE FOAM",$G22<5),200*$AD22,IF(AND($K22="PE FOAM",$G22>=5),100*$AD22,IF($K22="PVC FOAM",100*$AD22,0)))))) -> 0 | AB22: =$E22*$F22*(1+$X22)/$J22/100 -> #DIV/0! | AC22: =IF($E22=0,0,TRUNC(INDEX($AH$10:$AK$13,MATCH($U22,$AH$10:$AH$13,0),4)/$AB22)*$J22)*IF(AND($U22="파워프레스",$G22<=50),INT(50/$G22),1) -> 0 | AD22: =TRUNC($AK$14/$AB22,0) -> #DIV/0! | AE22: =TRUNC(IF($U22="오토컷팅",$AK$15/$AB22,IF($U22="파워프레스",$AK$16/$AB22,IF($U22="A롤컷팅",$AK$17/$AB22,IF($U22="B롤컷팅",$AK$18/$AB22,0)))),0) -> 0 | AF22: =$E22*$F22/100 -> 0 | AG22: =$E22*$F22*$X22/100 -> 0
A23: 13 | K23: =IF($L23="","",INDEX($Z$80:$AC$133,MATCH($L23,$Z$80:$Z$133,0),4)) | M23: =IF($L23="",0,INDEX($Z$80:$AC$133,MATCH($L23,$Z$80:$Z$133,0),3)) -> 0 | N23: =IF($L23="",0,INDEX($Z$80:$AB$133,MATCH($L23,$Z$80:$Z$133,0),2)) -> 0 | P23: =IF($O23="","미적용",IF(AND($K23="PU FOAM",$G23<12),"ROLL",IF(AND($K23="PE FOAM",$G23<7),"ROLL",IF(AND($K23="PVC FOAM",$G23<7),"ROLL","SHEET")))) -> 미적용 | R23: =IF($P23="미적용",0,INDEX($Z$138:$AA$182,MATCH($O23,$Z$138:$Z$182,0),2)) -> 0 | V23: =IF($E23=0,0,ROUND(SUM($Q43:$T43),1)) -> 0 | W23: =INDEX($Y$67:$AE$72,MATCH($K23,$Y$67:$Y$72,0),MATCH($G23,$Y$66:$AE$66,-1)) -> #N/A | X23: 0.011337585 | Y23: =IF(OR($O23="P-100",$O23="P-200",$O23="P-300",$O23="P-400",$O23="H-100"),$X23,5%) -> 0.05 | Z23: =INDEX($AJ$50:$AK$64,MATCH($I23,$AJ$50:$AJ$64,-1),2) -> 150 | AA23: =IF($P23<>"ROLL",0,IF(AND($K23="PU FOAM",$G23<5),200*$AD23,IF(AND($K23="PU FOAM",$G23>=5),100*$AD23,IF(AND($K23="PE FOAM",$G23<5),200*$AD23,IF(AND($K23="PE FOAM",$G23>=5),100*$AD23,IF($K23="PVC FOAM",100*$AD23,0)))))) -> 0 | AB23: =$E23*$F23*(1+$X23)/$J23/100 -> #DIV/0! | AC23: =IF($E23=0,0,TRUNC(INDEX($AH$10:$AK$13,MATCH($U23,$AH$10:$AH$13,0),4)/$AB23)*$J23)*IF(AND($U23="파워프레스",$G23<=50),INT(50/$G23),1) -> 0 | AD23: =TRUNC($AK$14/$AB23,0) -> #DIV/0! | AE23: =TRUNC(IF($U23="오토컷팅",$AK$15/$AB23,IF($U23="파워프레스",$AK$16/$AB23,IF($U23="A롤컷팅",$AK$17/$AB23,IF($U23="B롤컷팅",$AK$18/$AB23,0)))),0) -> 0 | AF23: =$E23*$F23/100 -> 0 | AG23: =$E23*$F23*$X23/100 -> 0
A24: 14 | K24: =IF($L24="","",INDEX($Z$80:$AC$133,MATCH($L24,$Z$80:$Z$133,0),4)) | M24: =IF($L24="",0,INDEX($Z$80:$AC$133,MATCH($L24,$Z$80:$Z$133,0),3)) -> 0 | N24: =IF($L24="",0,INDEX($Z$80:$AB$133,MATCH($L24,$Z$80:$Z$133,0),2)) -> 0 | P24: =IF($O24="","미적용",IF(AND($K24="PU FOAM",$G24<12),"ROLL",IF(AND($K24="PE FOAM",$G24<7),"ROLL",IF(AND($K24="PVC FOAM",$G24<7),"ROLL","SHEET")))) -> 미적용 | R24: =IF($P24="미적용",0,INDEX($Z$138:$AA$182,MATCH($O24,$Z$138:$Z$182,0),2)) -> 0 | V24: =IF($E24=0,0,ROUND(SUM($Q44:$T44),1)) -> 0 | W24: =INDEX($Y$67:$AE$72,MATCH($K24,$Y$67:$Y$72,0),MATCH($G24,$Y$66:$AE$66,-1)) -> #N/A | X24: 0.01134384 | Y24: =IF(OR($O24="P-100",$O24="P-200",$O24="P-300",$O24="P-400",$O24="H-100"),$X24,5%) -> 0.05 | Z24: =INDEX($AJ$50:$AK$64,MATCH($I24,$AJ$50:$AJ$64,-1),2) -> 150 | AA24: =IF($P24<>"ROLL",0,IF(AND($K24="PU FOAM",$G24<5),200*$AD24,IF(AND($K24="PU FOAM",$G24>=5),100*$AD24,IF(AND($K24="PE FOAM",$G24<5),200*$AD24,IF(AND($K24="PE FOAM",$G24>=5),100*$AD24,IF($K24="PVC FOAM",100*$AD24,0)))))) -> 0 | AB24: =$E24*$F24*(1+$X24)/$J24/100 -> #DIV/0! | AC24: =IF($E24=0,0,TRUNC(INDEX($AH$10:$AK$13,MATCH($U24,$AH$10:$AH$13,0),4)/$AB24)*$J24)*IF(AND($U24="파워프레스",$G24<=50),INT(50/$G24),1) -> 0 | AD24: =TRUNC($AK$14/$AB24,0) -> #DIV/0! | AE24: =TRUNC(IF($U24="오토컷팅",$AK$15/$AB24,IF($U24="파워프레스",$AK$16/$AB24,IF($U24="A롤컷팅",$AK$17/$AB24,IF($U24="B롤컷팅",$AK$18/$AB24,0)))),0) -> 0 | AF24: =$E24*$F24/100 -> 0 | AG24: =$E24*$F24*$X24/100 -> 0
A26: 2]계산결과
A28: S/N | B28: 재료비 | E28: 가공비 | Q28: 총원가 | R28: 상각비 | S28: 기타비 (산폐비외) | T28: 라미비 | U28: 형구비 | V28: 상각수량
B29: 스폰지 | C29: 테이프 | D29: 합계 | E29: 전테이핑 | F29: 슬릿팅 | G29: 쉐어링 | H29: 컷팅 | I29: 버티컬 | J29: 트리밍 | K29: 후테이핑 | L29: 포장 | M29: 합계 | N29: 재료관리비 | O29: 일반관리비 | P29: 이윤 | U29: (천원) | V29: (개)
A30: 0 | B30: =IF($E10=0,0,(($E10*$F10/1000000)*$M10*$G10*(1+$X10))/$J10) -> 0.2502563 | C30: =IF($E10=0,0,(($E10*$F10/1000000)*$R10*(1+$Y10)/$J10)) -> 2.1228821 | D30: =$B30+$C30 -> 2.3731384 | E30: =IF(OR($E10=0,$P10="미적용"),0,INDEX($Y$50:$AH$51,MATCH($P10,$Y$50:$Y$51,0),9)*1.1/($AK$14/($AF10*(1+$X10)))+IF(OR($E10=0,$P10="미적용"),0,(INDEX($Y$50:$AH$51,MATCH($P10,$Y$50:$Y$51,0),10))/IF($P10="ROLL",$AA10,$Z10)))*($F$5/3600*$Z$50+IF(OR($E10=0,$P10="미적용"),0,INDEX($Y$50:$AH$51,MATCH($P10,$Y$50:$Y$51,0),8))/3600) -> #N/A | F30: =IF($E10=0,0,IF($U10="오토컷팅",$AG$52*1.1/$AE10+($AH$52/$Z10),0)*IF($U10="오토컷팅",($F$5*$Z$52+$AF$52)/3600,0)) -> #N/A | G30: =IF(OR($F30<>0,$E10=0),0,IF(OR($U10="A롤컷팅",$U10="B롤컷팅"),$AG$54*1.1/$AE10+($AH$54/$Z10),$AG$53*1.11/$AE10+($AH$53/$Z10))*IF(OR($U10="A롤컷팅",$U10="B롤컷팅"),$F$5*$Z$54/3600+$AF$54/3600,$F$5*$Z$53/3600+$AF$53/3600)) -> #N/A | H30: =IF($E10=0,0,(INDEX($Y$50:$AH$63,MATCH($U10,$Y$50:$Y$63,0),9)/($AC10*$J10)*1.1+INDEX($Y$50:$AH$63,MATCH($U10,$Y$50:$Y$63,0),10)/$Z10)*($F$5*INDEX($Y$50:$AH$63,MATCH($U10,$Y$50:$Y$63,0),2)/3600+INDEX($Y$50:$AH$63,MATCH($U10,$Y$50:$Y$63,0),8)/3600)) -> #N/A | I30: =IF($T10=0,0,5+(0.8*$T10)*1.1+($AH$59/$Z10))*($F$5/3600+$AF$59/3600) -> #N/A | J30: =IF($S10=0,0,2*$S10*1.1)*($F$5/3600+$AE$60/3600) -> #N/A | K30: =IF($Q10=0,0,6*$Q10*1.1+($AH$61/$Z10))*($F$5/3600) -> #N/A | L30: =IF($E10=0,0,IF($AF10<=10,1,IF($AF10<=40,1.5,IF($AF10<=170,2,IF($AF10>170,3,0))))*1.1*$F$5/3600*$Z$63) -> #N/A | M30: =SUM($E30:$L30) -> #N/A | O30: =$M30*$H$5 -> #N/A | P30: =($O30+$M30)*15% -> #N/A | Q30: =$D30+$M30+SUM($N30:$P30) -> #N/A | R30: =IF(OR($U30=0,$V30=0),0,$U30*1000/$V30) -> 0 | S30: =AG10*G10*N10*170/1000 -> 0.00064276786 | U30: 0
A31: 2 | B31: =IF($E11=0,0,(($E11*$F11/1000000)*$M11*$G11*(1+$X11))/$J11) -> #DIV/0! | C31: =IF($E11=0,0,(($E11*$F11/1000000)*$R11*(1+$Y11)/$J11)) -> #DIV/0! | D31: =$B31+$C31 -> #DIV/0! | E31: =IF(OR($E11=0,$P11="미적용"),0,INDEX($Y$50:$AH$51,MATCH($P11,$Y$50:$Y$51,0),9)*1.1/($AK$14/($AF11*(1+$X11)))+IF(OR($E11=0,$P11="미적용"),0,(INDEX($Y$50:$AH$51,MATCH($P11,$Y$50:$Y$51,0),10))/IF($P11="ROLL",$AA11,$Z11)))*($F$5/3600*$Z$50+IF(OR($E11=0,$P11="미적용"),0,INDEX($Y$50:$AH$51,MATCH($P11,$Y$50:$Y$51,0),8))/3600) -> #N/A | F31: =IF($E11=0,0,IF($U11="오토컷팅",$AG$52*1.1/$AE11+($AH$52/$Z11),0)*IF($U11="오토컷팅",($F$5*$Z$52+$AF$52)/3600,0)) -> #DIV/0! | G31: =IF(OR($F31<>0,$E11=0),0,IF(OR($U11="A롤컷팅",$U11="B롤컷팅"),$AG$54*1.1/$AE11+($AH$54/$Z11),$AG$53*1.11/$AE11+($AH$53/$Z11))*IF(OR($U11="A롤컷팅",$U11="B롤컷팅"),$F$5*$Z$54/3600+$AF$54/3600,$F$5*$Z$53/3600+$AF$53/3600)) -> #DIV/0! | H31: =IF($E11=0,0,(INDEX($Y$50:$AH$63,MATCH($U11,$Y$50:$Y$63,0),9)/($AC11*$J11)*1.1+INDEX($Y$50:$AH$63,MATCH($U11,$Y$50:$Y$63,0),10)/$Z11)*($F$5*INDEX($Y$50:$AH$63,MATCH($U11,$Y$50:$Y$63,0),2)/3600+INDEX($Y$50:$AH$63,MATCH($U11,$Y$50:$Y$63,0),8)/3600)) -> #DIV/0! | I31: =IF($T11=0,0,5+(0.8*$T11)*1.1+($AH$59/$Z11))*($F$5/3600+$AF$59/3600) -> #N/A | J31: =IF($S11=0,0,2*$S11*1.1)*($F$5/3600+$AE$60/3600) -> #N/A | K31: =IF($Q11=0,0,6*$Q11*1.1+($AH$61/$Z11))*($F$5/3600) -> #N/A | L31: =IF($E11=0,0,IF($AF11<=10,1,IF($AF11<=40,1.5,IF($AF11<=170,2,IF($AF11>170,3,0))))*1.1*$F$5/3600*$Z$63) -> #N/A | M31: =SUM($E31:$L31) -> #N/A | O31: =$M31*$H$5 -> #N/A | P31: =($O31+$M31)*15% -> #N/A | Q31: =$D31+$M31+SUM($N31:$P31) -> #DIV/0! | R31: =IF(OR($U31=0,$V31=0),0,$U31*1000/$V31) -> 0 | S31: =AG11*G11*N11*170/1000 -> 0.00018944527 | U31: 0
A32: 3 | B32: =IF($E12=0,0,(($E12*$F12/1000000)*$M12*$G12*(1+$X12))/$J12) -> 0 | C32: =IF($E12=0,0,(($E12*$F12/1000000)*$R12*(1+$Y12)/$J12)) -> 0 | D32: =$B32+$C32 -> 0 | E32: =IF(OR($E12=0,$P12="미적용"),0,INDEX($Y$50:$AH$51,MATCH($P12,$Y$50:$Y$51,0),9)*1.1/($AK$14/($AF12*(1+$X12)))+IF(OR($E12=0,$P12="미적용"),0,(INDEX($Y$50:$AH$51,MATCH($P12,$Y$50:$Y$51,0),10))/IF($P12="ROLL",$AA12,$Z12)))*($F$5/3600*$Z$50+IF(OR($E12=0,$P12="미적용"),0,INDEX($Y$50:$AH$51,MATCH($P12,$Y$50:$Y$51,0),8))/3600) -> #N/A | F32: =IF($E12=0,0,IF($U12="오토컷팅",$AG$52*1.1/$AE12+($AH$52/$Z12),0)*IF($U12="오토컷팅",($F$5*$Z$52+$AF$52)/3600,0)) -> 0 | G32: =IF(OR($F32<>0,$E12=0),0,IF(OR($U12="A롤컷팅",$U12="B롤컷팅"),$AG$54*1.1/$AE12+($AH$54/$Z12),$AG$53*1.11/$AE12+($AH$53/$Z12))*IF(OR($U12="A롤컷팅",$U12="B롤컷팅"),$F$5*$Z$54/3600+$AF$54/3600,$F$5*$Z$53/3600+$AF$53/3600)) -> 0 | H32: =IF($E12=0,0,(INDEX($Y$50:$AH$63,MATCH($U12,$Y$50:$Y$63,0),9)/($AC12*$J12)*1.1+INDEX($Y$50:$AH$63,MATCH($U12,$Y$50:$Y$63,0),10)/$Z12)*($F$5*INDEX($Y$50:$AH$63,MATCH($U12,$Y$50:$Y$63,0),2)/3600+INDEX($Y$50:$AH$63,MATCH($U12,$Y$50:$Y$63,0),8)/3600)) -> 0 | I32: =IF($T12=0,0,5+(0.8*$T12)*1.1+($AH$59/$Z12))*($F$5/3600+$AF$59/3600) -> #N/A | J32: =IF($S12=0,0,2*$S12*1.1)*($F$5/3600+$AE$60/3600) -> #N/A | K32: =IF($Q12=0,0,6*$Q12*1.1+($AH$61/$Z12))*($F$5/3600) -> #N/A | L32: =IF($E12=0,0,IF($AF12<=10,1,IF($AF12<=40,1.5,IF($AF12<=170,2,IF($AF12>170,3,0))))*1.1*$F$5/3600*$Z$63) -> 0 | M32: =SUM($E32:$L32) -> #N/A | O32: =$M32*$H$5 -> #N/A | P32: =($O32+$M32)*15% -> #N/A | Q32: =$D32+$M32+SUM($N32:$P32) -> #N/A | R32: =IF(OR($U32=0,$V32=0),0,$U32*1000/$V32) -> 0 | S32: =AG12*G12*N12*170/1000 -> 0 | U32: 0
A33: 3 | B33: =IF($E13=0,0,(($E13*$F13/1000000)*$M13*$G13*(1+$X13))/$J13) -> 0 | C33: =IF($E13=0,0,(($E13*$F13/1000000)*$R13*(1+$Y13)/$J13)) -> 0 | D33: =$B33+$C33 -> 0 | E33: =IF(OR($E13=0,$P13="미적용"),0,INDEX($Y$50:$AH$51,MATCH($P13,$Y$50:$Y$51,0),9)*1.1/($AK$14/($AF13*(1+$X13)))+IF(OR($E13=0,$P13="미적용"),0,(INDEX($Y$50:$AH$51,MATCH($P13,$Y$50:$Y$51,0),10))/IF($P13="ROLL",$AA13,$Z13)))*($F$5/3600*$Z$50+IF(OR($E13=0,$P13="미적용"),0,INDEX($Y$50:$AH$51,MATCH($P13,$Y$50:$Y$51,0),8))/3600) -> #N/A | F33: =IF($E13=0,0,IF($U13="오토컷팅",$AG$52*1.1/$AE13+($AH$52/$Z13),0)*IF($U13="오토컷팅",($F$5*$Z$52+$AF$52)/3600,0)) -> 0 | G33: =IF(OR($F33<>0,$E13=0),0,IF(OR($U13="A롤컷팅",$U13="B롤컷팅"),$AG$54*1.1/$AE13+($AH$54/$Z13),$AG$53*1.11/$AE13+($AH$53/$Z13))*IF(OR($U13="A롤컷팅",$U13="B롤컷팅"),$F$5*$Z$54/3600+$AF$54/3600,$F$5*$Z$53/3600+$AF$53/3600)) -> 0 | H33: =IF($E13=0,0,(INDEX($Y$50:$AH$63,MATCH($U13,$Y$50:$Y$63,0),9)/($AC13*$J13)*1.1+INDEX($Y$50:$AH$63,MATCH($U13,$Y$50:$Y$63,0),10)/$Z13)*($F$5*INDEX($Y$50:$AH$63,MATCH($U13,$Y$50:$Y$63,0),2)/3600+INDEX($Y$50:$AH$63,MATCH($U13,$Y$50:$Y$63,0),8)/3600)) -> 0 | I33: =IF($T13=0,0,5+(0.8*$T13)*1.1+($AH$59/$Z13))*($F$5/3600+$AF$59/3600) -> #N/A | J33: =IF($S13=0,0,2*$S13*1.1)*($F$5/3600+$AE$60/3600) -> #N/A | K33: =IF($Q13=0,0,6*$Q13*1.1+($AH$61/$Z13))*($F$5/3600) -> #N/A | L33: =IF($E13=0,0,IF($AF13<=10,1,IF($AF13<=40,1.5,IF($AF13<=170,2,IF($AF13>170,3,0))))*1.1*$F$5/3600*$Z$63) -> 0 | M33: =SUM($E33:$L33) -> #N/A | O33: =$M33*$H$5 -> #N/A | P33: =($O33+$M33)*15% -> #N/A | Q33: =$D33+$M33+SUM($N33:$P33) -> #N/A | R33: =IF(OR($U33=0,$V33=0),0,$U33*1000/$V33) -> 0 | S33: =AG13*G13*N13*170/1000 -> 0 | U33: 0
A34: 5 | B34: =IF($E14=0,0,(($E14*$F14/1000000)*$M14*$G14*(1+$X14))/$J14) -> 0 | C34: =IF($E14=0,0,(($E14*$F14/1000000)*$R14*(1+$Y14)/$J14)) -> 0 | D34: =$B34+$C34 -> 0 | E34: =IF(OR($E14=0,$P14="미적용"),0,INDEX($Y$50:$AH$51,MATCH($P14,$Y$50:$Y$51,0),9)*1.1/($AK$14/($AF14*(1+$X14)))+IF(OR($E14=0,$P14="미적용"),0,(INDEX($Y$50:$AH$51,MATCH($P14,$Y$50:$Y$51,0),10))/IF($P14="ROLL",$AA14,$Z14)))*($F$5/3600*$Z$50+IF(OR($E14=0,$P14="미적용"),0,INDEX($Y$50:$AH$51,MATCH($P14,$Y$50:$Y$51,0),8))/3600) -> #N/A | F34: =IF($E14=0,0,IF($U14="오토컷팅",$AG$52*1.1/$AE14+($AH$52/$Z14),0)*IF($U14="오토컷팅",($F$5*$Z$52+$AF$52)/3600,0)) -> 0 | G34: =IF(OR($F34<>0,$E14=0),0,IF(OR($U14="A롤컷팅",$U14="B롤컷팅"),$AG$54*1.1/$AE14+($AH$54/$Z14),$AG$53*1.11/$AE14+($AH$53/$Z14))*IF(OR($U14="A롤컷팅",$U14="B롤컷팅"),$F$5*$Z$54/3600+$AF$54/3600,$F$5*$Z$53/3600+$AF$53/3600)) -> 0 | H34: =IF($E14=0,0,(INDEX($Y$50:$AH$63,MATCH($U14,$Y$50:$Y$63,0),9)/($AC14*$J14)*1.1+INDEX($Y$50:$AH$63,MATCH($U14,$Y$50:$Y$63,0),10)/$Z14)*($F$5*INDEX($Y$50:$AH$63,MATCH($U14,$Y$50:$Y$63,0),2)/3600+INDEX($Y$50:$AH$63,MATCH($U14,$Y$50:$Y$63,0),8)/3600)) -> 0 | I34: =IF($T14=0,0,5+(0.8*$T14)*1.1+($AH$59/$Z14))*($F$5/3600+$AF$59/3600) -> #N/A | J34: =IF($S14=0,0,2*$S14*1.1)*($F$5/3600+$AE$60/3600) -> #N/A | K34: =IF($Q14=0,0,6*$Q14*1.1+($AH$61/$Z14))*($F$5/3600) -> #N/A | L34: =IF($E14=0,0,IF($AF14<=10,1,IF($AF14<=40,1.5,IF($AF14<=170,2,IF($AF14>170,3,0))))*1.1*$F$5/3600*$Z$63) -> 0 | M34: =SUM($E34:$L34) -> #N/A | O34: =$M34*$H$5 -> #N/A | P34: =($O34+$M34)*15% -> #N/A | Q34: =$D34+$M34+SUM($N34:$P34) -> #N/A | R34: =IF(OR($U34=0,$V34=0),0,$U34*1000/$V34) -> 0 | S34: =AG14*G14*N14*170/1000 -> 0 | U34: 0
